patient_id,predictions,labels,pred_probabilities
df8adfa6-dad9-34e2-27c5-fb730e686a8c,0,1,0.00012461260484997183
13a2b473-3566-5870-a2eb-e8e48d8f4840,0,0,0.00048012533807195723
d1692df6-6957-9ddf-c5cf-1dcd9c480836,0,1,0.0001189923714264296
69dafda4-1271-0d84-f229-784ea82a96c2,0,0,0.00025913011631928384
e93591ef-9f31-def5-aa1c-626b398f8476,0,1,0.00013089145068079233
c418b839-a986-1def-6371-0d6db50cc626,0,1,0.09029456973075867
a9fda704-babd-fc46-343a-3a04c240c413,0,0,0.00012471304216887802
ad5c4b1d-0a9c-404c-695a-6d8df34349a5,0,1,0.00012728263391181827
ab27fbc8-f6f4-60d2-584e-0f959de365d7,0,0,0.00010445628868183121
2cb16088-f9e0-06e6-1db6-52cbc3320032,0,1,0.0001222911523655057
17a95fc4-a21f-50c0-a4a1-f87f3a1046cd,0,0,0.00012794289796147496
6740ae7b-a12f-8575-b2fd-00b66ddfac0c,0,1,0.0001353754778392613
c8a5a4ff-61e9-7b96-b59c-6366efc02139,0,1,0.00012521972530521452
fb541786-bf06-5c9e-eae8-48227fd60cde,0,0,0.00012821525160688907
a1b85401-e50f-51ef-d725-caebc9749a02,0,0,0.00029786163941025734
55a3fc65-e6df-63c8-f9e8-09036ef17c6d,0,0,0.00016425608191639185
cccda175-b5b1-d4f4-d00f-bcfdb840594d,0,0,0.001501551829278469
3d0e046a-1f1e-5110-d5a0-614b063059c5,0,0,0.0005099039408378303
408a72d8-13c4-08eb-ed12-b6554cbe8dd5,0,1,0.00011845970584545285
df6fc6a6-7283-d01f-032f-d9eb31f2c058,0,1,0.00012234410678502172
02a7dc0e-4ff7-a2ee-ed63-4d2498b41c6d,0,0,0.00012757998774759471
3b7c0d06-4f37-8d82-e54e-f50f3d40a0dc,0,1,0.0001379131863359362
231ae73a-f320-23a3-a00b-38fce4b603dc,0,1,0.00014861809904687107
3e294189-fea7-84de-20e5-11f86907b7aa,0,1,0.0001777295401552692
796ca889-e5bc-81d9-5baf-6c395dce47e8,0,1,0.00011556460958672687
d694aa76-8253-4f97-8b76-5fbd65b3e35d,0,0,0.00012716012133751065
46d06a17-c91a-611c-39a0-86c59328c6d6,0,1,0.00013173311890568584
4f13b3d7-74ae-d428-44ef-b46582fe007e,0,0,0.00015978800365701318
fcd3d22c-823a-be05-c970-933de3c28d7e,0,0,0.00011947297753067687
73035904-6878-5752-1a8d-73aee32cda23,0,0,0.00012256386980880052
535756a4-3881-99c1-2ae3-bfabe9b72a33,0,0,0.0002475987421348691
6d6a78dd-f17f-b80c-7e96-b8973dd63efe,0,0,0.00017027991998475045
9b06a224-6fcf-8e7f-a775-d320e8a9ea28,0,0,0.0025688610039651394
8935067a-a2eb-7023-a750-0bc6a80e6285,0,0,0.0003658895439002663
325663bd-192e-fb2b-2fe3-3f59e3013523,0,1,0.00012753717601299286
44a77bee-aa96-4637-cbe2-905eaa433b54,0,0,0.0001512184680905193
bc113126-d352-8380-08d4-8556a10e01fc,0,1,0.0001288933854084462
73b7459c-f5bb-24e5-1a8f-634b1af8717d,0,1,0.00012079055159119889
3ed7d6cd-50fe-b14e-aaae-2695800859d9,0,1,0.00021526833006646484
59178781-583a-ebb9-af00-2515e5c4aa77,0,0,0.00015708268620073795
6bf4d4ec-e7a9-7b67-db82-55b481a899fd,0,0,0.0002875427308026701
704dd552-64fb-f643-47b5-582e0c6a7f82,0,1,0.00011444572010077536
757ba3e3-99dd-a3ea-3782-1e1c34fbf056,0,0,0.00011103007273050025
251b3933-51cd-350e-2945-88d44d8450c4,0,0,0.0002182129246648401
fdd7e4cd-9d21-ab5f-f990-7bc1007f25d7,0,1,0.00012586209049914032
7a830fad-c0f9-9d5d-7ea1-09db75543296,0,0,0.0001721406588330865
43e7b80b-aeb8-efc2-ee05-bf1dbcfbb81e,0,0,0.0001958176726475358
cb9c733a-cfee-b772-376b-4cbcd1d83405,0,0,0.00011237749276915565
ef9d9236-3723-0bcc-4fe0-1b7e274b6efa,0,0,0.00016961878282018006
77d90d54-cafb-413c-489d-e56cb1c9ec13,0,1,0.00013448719982989132
b540b56d-9a01-c627-5389-d9d71fcca5b2,0,1,0.0001141718021244742
bb84021f-507e-e8b0-4e77-fcc7969b1843,0,0,0.00017727224621921778
3ba5d54b-2cc3-8b5b-b182-e5f8fade2182,0,1,0.00016278620751108974
fff6e9e9-871c-1655-53ca-fbfcdf81506e,0,0,0.00034166747354902327
031117aa-17fe-a51d-e4ce-00ab33d31dac,0,0,0.03663624823093414
fb530b75-19a0-f2ed-b576-d50fe273fc1a,0,1,0.0002540781279094517
e5f3ccfd-6e80-fc5a-1176-3da4b5a6e7e8,0,1,0.00012707356654573232
e76805cc-9ded-4e30-44c1-0a8f29a3e257,0,1,0.0001524553372291848
1e1de0f9-384c-46a1-7866-0b44df39fde7,0,1,0.00014182523591443896
1f349e6a-126f-acdb-a56d-f521c0588387,0,0,0.00010260153794661164
3cbd3b52-d5c4-2819-5308-e88c6a505dd0,0,1,0.0001169748866232112
02b0cbff-ac01-9ccd-7c93-eda2cd664ff9,0,0,0.00013592820323538035
0bcfc11b-8f42-20e1-6b86-ea2a30f53c48,0,1,0.00012247273116372526
db985675-ed88-60c4-0b91-adf155797a81,0,1,0.00012247974518686533
1975a03c-4cc5-3f71-4b67-cae3704c226c,0,1,0.00012242030061315745
a937dbd6-bce5-7053-43b2-7ae4ceab855a,0,1,0.00012126856745453551
3798cd33-9e34-52cd-011a-eb9a794c891f,0,0,0.00012158269237261266
7d8f159e-e20d-0105-bbe0-afae00671be4,0,1,0.006757027469575405
724b8532-c249-6d19-1428-0924e50a6840,0,0,0.00013564851542469114
1a0c6ee9-0027-3b79-325d-2dff86508ee8,0,1,0.00013848801609128714
34feabbd-34ec-c7b4-ca12-8422f9ff4ee1,0,1,0.0004252235230524093
d920c169-7564-9764-d71e-6e244709eccf,0,0,0.00012826330203097314
208f133a-b57a-138f-114e-b8ad81e502ff,0,1,0.00045511609641835093
767b3a36-94ad-8af3-a038-7a3cd1503b38,0,1,0.09730266034603119
1dd30da6-fc80-c6e5-3a6d-bdc246a5d8c3,0,0,0.00011608470958890393
bf0b2d1e-5d64-bdab-a9c9-5882ae81e4dd,0,0,0.0002677433076314628
121b2bc5-30b5-497e-f37e-10ca42e47b74,0,1,0.0006387605681084096
a7222ff2-ddb7-9e96-628b-e34ab03edf98,0,0,0.00013178437075112015
a44479bf-c1a1-d479-050f-b8ae8ee594b9,0,0,0.0002820932131726295
4fcc86c0-6cc8-6942-4e1c-549c1059f180,0,1,0.08074693381786346
372548f0-d028-6884-76d2-7934f8f54c97,0,0,0.00018514980911277235
795f5028-25eb-a284-8da1-541fc938893c,0,0,0.00014025901327840984
da3268f3-e9ba-46d9-d5b4-e25f88b10b69,0,1,0.0034015404526144266
59c237a0-a78f-8062-7212-a7a9e252241d,0,1,0.00011379247007425874
583e2e1a-3e2c-4be8-27d7-f5b799ad28d8,0,1,0.00012237606279086322
6511d139-fced-f7a9-36b2-53ea6081ad66,0,1,0.000124916696222499
97d035bc-89c1-2ba7-079e-2380ec3fa50b,0,1,0.0001970517769223079
f3f2ec90-75d8-8f7b-3274-586fd26bb11c,0,0,0.002151488559320569
0762c33a-b6f5-b831-f033-9a7886c7d788,0,0,0.00011958443792536855
3f450884-6c7d-6a06-dcc3-ebc7c17b193d,0,1,0.00012341729598119855
846d170a-c3d7-936f-d11b-2d9f6c4679c5,0,1,0.00012360182881820947
532f83cc-9f3d-d417-58ec-9a2268f4d6a0,0,1,0.00012156935554230586
7828b36a-d8dd-643c-c501-af64e3ca2cf6,0,0,0.00016181095270439982
97d2e3a5-0fe2-59e6-7e4c-7fe55147d7be,0,0,0.0005642556352540851
9a9381be-d75b-5c99-2540-74ebb347f353,0,1,0.00012186637468403205
5780d723-2406-25b4-2f86-0b5776929f6a,0,1,0.0008386548142880201
02aacb62-11b1-afac-04e1-bfaeab5060e2,0,0,0.00028729584300890565
529a7bca-23b7-2ba7-c4ba-e4c727aad3d9,0,1,0.0001223095750901848
e675ad2a-59af-4adf-5148-93eb9bdc2117,0,1,0.00047725235344842076
c7763172-f280-9420-8540-d7b2bd5d005b,0,1,0.00012762706319335848
d6fd8823-e5b3-448d-3784-74abfd6b3c86,0,0,0.0001618640380911529
2273ab88-2d77-41c4-7383-dbc5039f47df,0,0,0.00011811996228061616
d62b7536-279c-06f2-fe75-a06f2825e9c6,0,0,0.00034900096943601966
94fbb220-0bf6-d312-ec73-a84e05061b26,0,1,0.0013854337157681584
a37921e5-ecbb-353c-c35c-32c4616c7a1c,0,0,0.017541183158755302
fddc77cd-1776-0143-ab02-ff3e40889e6e,0,0,0.00010951651347568259
435fef7c-a167-bebc-1d77-22204cf75170,0,0,0.00010480290075065568
03b12081-da34-44b6-b3c3-693d657c0393,0,0,0.0003062708128709346
13808787-6fe1-e2bf-eff3-64eefa8cff3b,0,0,0.00011161604925291613
32ac8af0-b4bf-0aad-735e-35ec7752de4f,0,0,0.00016027400852181017
08a14f2f-c65b-1255-5680-21291fbd67c6,0,0,0.00013044587103649974
7a48aae2-04a0-0e9d-7b3c-8924e296445e,0,1,0.00017921873950399458
683465e7-ca51-2ae9-14b3-5f0498a15542,0,1,0.0001185642322525382
6c411dad-4364-9f9a-850e-fc1f44214a22,0,1,0.0001278691051993519
6074cd9c-708a-1ece-11ad-eb98282ba144,0,0,0.00021663738880306482
3f2e1cba-4286-d61d-1a92-8629eaa5da11,0,0,0.00012201834033476189
4b8b6a73-3b36-914b-b363-cbf3335569d2,0,1,0.000125974474940449
e43b8f70-8147-9b42-5264-5e7cf88bd9b3,0,0,0.00011602927406784147
3f03957a-45b9-37ae-eb5e-41d4beee8a66,0,0,0.0003032094973605126
5769125b-f09d-49d0-79f8-c975720e95c7,0,1,0.0008960322593338788
29755988-5b44-c8e5-83cd-33859f56b2a2,0,1,0.0001335768320132047
121813b4-6029-9738-4fdb-ca404d9cdc5a,0,1,0.00013497886538971215
eaeb4e07-f81a-4778-7394-ff8431dd3690,0,1,0.0018867995822802186
e6ee21ec-1b3b-9be5-3a5c-e25674c6b3e0,0,0,0.00031686678994446993
bc30b64b-b20a-1668-f733-61da895f9e32,0,0,0.00012769378372468054
8104fe37-04a4-1bdd-1608-a9e44c9c9e7a,1,1,0.950815737247467
dc2621e4-bf1b-8a80-4f78-9faf83ebfe97,0,0,0.0003591614658944309
6a56360d-a7a7-e6d6-c037-20d1b480c2bd,0,0,0.00012689495633821934
3b27045b-cc8e-a2ba-96c9-2c589052fda8,0,1,0.00013749327627010643
fd03666f-9036-177c-3e5a-b54e8336f960,0,0,0.00025088689289987087
b4633ce2-27ae-a52d-f4cf-adf637f0cc35,0,1,0.007208726834505796
82d572cf-1c67-85dd-0bdf-72d3873c560f,0,1,0.03740895166993141
20f062ed-eca8-6509-86e8-ef313cc371a1,0,0,0.00011562821600819007
2066c96d-873d-ff23-ec36-b30197913888,0,0,0.0001841322227846831
9aca5f45-5c19-0b4f-f61b-6471bef3bb10,0,0,0.0005108537734486163
a4a774b8-d00a-face-71ed-2ba6c00846da,0,1,0.00013437426241580397
0238cd07-9fbe-d8ec-ef36-354fde96c1a1,0,1,0.0011951308697462082
b501c159-1a94-f40c-b092-6bbf2197f105,0,1,0.00011434776388341561
11b1d70c-1ff2-5cff-0ef4-4f62d517384b,0,1,0.00013033546565566212
b6f45c6b-31be-6638-fc25-caaf8f690b8a,0,1,0.0001308931823587045
aec24664-ca9e-4195-99d7-8f2d4ef49a8e,0,1,0.00011255702702328563
dc6a4baa-9e1e-ac01-e3ba-7c93d137bc5a,0,0,0.00011447225551819429
d57c08c7-5e68-ab81-1264-8ac420424e25,0,1,0.0005964060546830297
8548e0cf-9433-0cb0-53ef-daca486585ea,0,0,0.006707966793328524
e122fd5d-2ad4-aed9-395c-e13d372b4b1a,0,1,0.00016065684030763805
27f7ae0b-f724-613c-976d-e667074bc8ee,0,0,0.00011978438851656392
a9ec23de-7ad8-8017-2259-5f49e57da5dd,0,0,0.00012928211071994156
ea945d23-d37f-90a4-d09c-e43fd1d9e797,0,1,0.2825465202331543
dbda21eb-328d-91c6-7676-c3c51a4d8f2d,0,0,0.01522841490805149
f485737e-aa17-1555-42d8-a2f6a0ef17f9,0,0,0.0008239849121309817
7df3aa95-9fcd-c5db-62a9-bb60b74e8e0e,0,1,0.00011331646237522364
6c4ed651-8f22-680c-ce22-5d5daddb6352,0,0,0.000322587788105011
aaeb7e7d-d389-3c81-e6fb-1cb63ea85fe1,0,0,0.00012764947314281017
8e45e885-7e2b-1204-7020-08d6f24135b5,0,1,0.00016022253839764744
6786380a-6769-7193-df1a-f26b91cf6783,0,0,0.00011200177686987445
cbfbb981-68d1-1bbe-3641-de7fdff27823,0,0,0.00026309656095691025
0226d27c-26e2-c336-71bf-d8f1396b96d9,0,0,0.0017605193424969912
09984a27-6ea2-a724-9f56-70e3cd951de0,0,1,0.00012391006748657674
02dc6475-8a8c-9bac-19cf-c3f75e17d0bf,0,0,0.00017826246039476246
fbc077c1-bbc2-ffcf-9164-6f83fc0567f9,0,1,0.0020552745554596186
d38bfd54-a696-e047-3309-4a6a6aed4770,0,0,0.00018993046251125634
05687334-1556-40e4-90d5-e830989d95e4,0,0,0.00012620218330994248
63360701-5395-9c74-2778-d3af3d257ecf,0,0,0.000247080170083791
ec101845-ed56-36b7-bfd8-123260869a05,0,1,0.00013658902025781572
b6447cdd-789a-9723-4507-47f7bdc17bad,0,1,0.00013140053488314152
65ac1ff3-8db7-8399-bad4-668545ab6e97,0,1,0.00012828104081563652
dfba16ec-3894-c526-09e2-1109c98a63f6,0,1,0.0006761137628927827
106d5e84-511c-700c-40e4-10db6a31ae56,0,1,0.0008701129700057209
a075474e-300e-11bf-37a4-0ee99a44d29e,0,0,0.0017074934439733624
3d9c24d3-a6a5-56d0-5d2e-16f3ba8c70ef,0,1,0.00012083328329026699
7364147b-2db3-4c15-91c9-2fcdaa3163f3,0,1,0.00022704769799020141
15774b56-1259-cf5d-7878-957388106c86,0,0,0.0014492935733869672
364fbaa0-f52d-92f2-296c-07a83db26373,0,1,0.0001763798063620925
fcab0b1c-21d1-e5e6-33dd-7dd8fdfe25d9,0,1,0.0001178160309791565
856e9de2-55cb-b695-1ba5-2bdec8a11472,0,0,0.00011230979725951329
4ab7983d-8e93-6b79-5f51-68c927f1d14d,0,1,0.00013032875722274184
451bff64-c4a0-0093-6984-03b2bfe625d9,0,0,0.00012053373211529106
c35a883b-69d2-d6b1-0298-2881d00df49c,0,1,0.0002492767234798521
35d137d7-5f63-2d27-bced-b41c7463d3c4,0,0,0.00016895598673727363
dcd69d1d-ee3c-d9f0-b7db-3f21e23e57c6,0,1,0.0018290969310328364
b9b51a61-71bb-901c-6f76-8ad06372ca94,0,1,0.00011955866648349911
c3c22a13-4f9c-701f-3c11-f3a07a4eb39c,0,0,0.00034540152410045266
55e98c64-43bd-c045-a0e9-192655c9ae2b,0,1,0.0001414238940924406
b64089d6-444c-11b2-60ac-cd630045ecdf,0,1,0.00014782858488615602
a436a55c-23bc-ab9d-50ca-616281b7d214,0,0,0.0008033736376091838
4d518662-16f5-b809-94c2-b83f7c63f94f,0,0,0.00011843011452583596
464ee098-a9d9-8d10-f35c-87a93c2d9dc9,0,1,0.0009975871071219444
82aae5c0-d5f2-b3b4-b058-3f627b358fe9,0,1,0.0006783524295315146
18a65851-d4c3-af6c-7c11-e8d42d181878,0,1,0.00012014541425742209
d3303536-3802-b009-f33b-ecc63f592992,0,1,0.00031079002656042576
802666c6-4eb2-57db-565c-b6a5c209cc36,0,0,0.0002772535663098097
9c0ba774-fbdb-601e-36ba-4a06425757e8,0,0,0.00012871749640908092
2343fe3d-0b7e-ce44-c625-6600d5f4ec75,0,1,0.06134658679366112
2daf0c52-ed9d-577b-8519-ba793a504f57,0,0,0.00018376126536168158
75c19e27-7ccf-38cd-cbc3-8c09d7396aa2,0,0,0.08755499869585037
d5b1d55e-5a9f-c232-76dd-7a95a0fa2e41,0,0,0.00032449711579829454
94fa9350-d914-9888-4f5f-4430e939d1a5,1,1,0.9066382646560669
b68a2ab4-70e3-cb01-0185-36bcfd4fbf52,0,0,0.0001357120490865782
288f0b72-6206-9a9f-3d90-d75fb4517d39,0,0,0.00011513565550558269
4e721aa2-e981-0ce2-0dc1-9fa2dd590bc8,0,1,0.0003655495529528707
3acf431d-4d6b-4c24-b1bb-c22a7ccb392d,0,1,0.00018329054000787437
0c8f717c-a8d7-3e83-4f02-cda8a0b34fa8,0,0,0.00014483848644886166
42a47efe-1ae0-e27d-0af8-53943f8e36fc,0,0,0.00011118273687316105
2be8b692-b3bf-62a3-3cac-d0740b796fd6,0,0,0.00012579371104948223
e4590acd-0b12-ee4e-8084-8abdd4cc55c6,0,0,0.00012158744357293472
311a9a05-954c-f3bc-2f83-c730d07692f8,0,0,0.0001135988422902301
0db8f2de-6706-14b8-d5da-c3dcaf3cbbc0,0,1,0.00011481824913062155
b1527349-57ab-6451-0042-3789fab18783,0,1,0.00013195160136092454
f4c669a0-5a86-c8c1-5acf-6bebf753fdc1,0,1,0.00015217559121083468
cd437d07-df87-0394-4a62-7b9bc1fe40dc,0,0,0.0006595278391614556
e4d8b8d8-156c-5a9f-cf79-e4c3df925bfb,0,1,0.00014079043467063457
47edb4f9-c315-2d8a-e7c2-bb9f546f5ee6,0,0,0.00010480530181666836
3df3cbdd-4c84-9bb7-0a99-2da9ad73add4,0,0,0.00030684395460411906
96d1efc2-6567-459a-9fc6-95a79e59cadd,0,0,0.0001240253186551854
b4cdfb6f-d59f-6c13-c64d-fbfb97c37716,0,0,0.0004639962571673095
e245fa05-a48d-9f63-f714-3f004cabb3f6,0,1,0.00012778500968124717
8c8e6ed0-f9d3-b64c-c6dd-f3a8b7fc3d53,0,1,0.00013099344505462795
41b8102c-27b9-7268-d138-756ffa9344a0,0,0,0.00010375423880759627
176829a1-bbce-3d90-efdb-8882e25eafa4,0,0,0.00015844589506741613
69620f75-8be8-6c96-e3bf-b459d9bccf95,0,1,0.00012301839888095856
61e7f96a-30a4-6072-e112-2a0a43ef3185,0,0,0.00011662560427794233
57db41b6-79ce-b989-7c48-5166276d4f40,0,0,0.00011862067913170904
3adecd52-4fd4-c46e-1e53-5e0b591c09eb,0,0,0.00013736840628553182
ba3d251e-921d-c57f-2673-1511d2f0cc79,0,1,0.00013290042988955975
12fa4e79-ced1-15ba-99e5-27a458a95ae5,0,1,0.00011561124119907618
d4331159-e4c3-8e54-f24b-e94343a4761c,0,1,0.0001383642083965242
65eb8a2f-3820-cc71-67bf-a76cad7aef4d,0,0,0.1909445971250534
82741059-a2f6-b323-1791-d9b99d4c694c,0,0,0.00010771953384391963
67e26685-88cf-768e-87ee-a8f7ce2a4611,0,1,0.09225660562515259
285654af-e14c-8b86-6d80-d8224e6f844e,0,0,0.00014611870574299246
d00ddcf9-f796-33a4-754e-638bdbe60411,0,1,0.00011011592141585425
aeadb921-e268-f7a7-f4d9-e1be67ca81ce,0,0,0.0003181699721608311
b7a1bf51-6315-b687-1ad0-cb7e8f375b89,0,1,0.000437015580246225
a805801c-2367-7cb1-2110-903252447f8e,0,1,0.00013393651170190424
d9a6e36c-5c15-da49-37de-8c176c092454,0,1,0.00035995341022498906
de1d51f8-f21a-14ba-770b-0e4b0ff5f17d,0,0,0.0002510696940589696
a95328a5-e7b8-968e-8b7d-e572c28d786c,0,1,0.00010817388829309493
9fe633ea-1675-9843-326c-1a906fe74fd9,0,0,0.00015064897888805717
b50bde4e-97e7-7f5e-4736-eff166b29cbc,0,1,0.00011522878048708662
0bf2c1fa-dfbf-c442-2f80-4cc40d0018da,0,0,0.0001391697587678209
de951846-e432-063e-5c1c-a31988ea1ef7,0,0,0.00012582009367179126
66c3fb8d-e225-9ba4-2ae0-629a525a5e9f,0,1,0.00012299916124902666
284d5522-861c-6f9a-5051-320d5deb360d,0,0,0.0002684452338144183
249e01ce-6df0-3670-59a8-1650d0d419d6,0,0,0.011957425624132156
0f1b338d-84fc-7dd4-dcf0-30dec684ce0e,0,1,0.00018596032168716192
d019b9f5-e3b3-132e-5169-eaa808218f2f,0,0,0.00013133174797985703
d45a0588-9b4c-825e-3b99-ca5b08814227,0,0,0.0001647116878302768
767f2571-a0a8-2070-7987-42d9dfc1445c,0,1,0.0001167078225989826
adc799bd-f444-020b-933a-92fd4ec93419,0,0,0.00033349712612107396
bd2bc070-89ab-1ed8-e53b-4f4b13a1b854,0,1,0.00012371479533612728
b13366d5-02ed-73a4-a31b-e2c99623abdb,0,1,0.00011993411317234859
7bb7c1bf-6d0f-84aa-7e85-bde05351dc32,0,0,0.00015638445620425045
785ddbcf-a7d2-dd07-1be1-52c01a477e42,0,1,0.00011299665493424982
de7e4c00-f461-8e2b-ec74-30dc32c5b2fc,0,0,0.00011753055878216401
90bf2596-e3c9-15dd-ce4b-33860488e2a5,0,1,0.00011485207505756989
04efe191-1cb2-f90f-a45a-e6e7ad6184d6,0,1,0.008213845081627369
36aa332e-3246-0fce-f2b1-5c8cc3557815,0,0,0.0009906376944854856
4712d2b4-fd36-1a20-d0d8-ae2318dd5ca3,0,0,0.00014627219934482127
96cb085e-e90e-0aed-abb6-2235070d587a,0,1,0.00012355703802313656
5112ada0-3a93-3582-e722-4e164a2ec6d4,0,1,0.0001165649009635672
307b7625-d6a5-08d4-3126-0818fdcde277,0,0,0.005510086193680763
9908c08c-97f2-cd56-fed9-80cded8168b1,0,1,0.00011462483234936371
f86f90d8-707c-bc20-cb18-930efc53d5ba,0,0,0.00015426421305164695
cd875199-1530-11c6-d74f-7cc6672dadd1,0,1,0.00012587889796122909
9945e5eb-8d84-803f-c9eb-8eaeec62a5f1,0,1,0.00012471448280848563
69a6fef0-1704-68ca-dcfa-b6859cbfdfd5,0,1,0.0005772460135631263
d4f2ce9b-8905-9611-f19c-0f93fbc7c416,0,0,0.00013678242976311594
d07f18fd-5e69-d82a-15b6-2361a9d58d85,0,0,0.0002126017352566123
60daa203-d876-98a1-1a12-7af02b2cb11a,0,0,0.00011326980893500149
f01b2c62-e7e1-3737-3606-e52410962b51,0,1,0.0003135213628411293
555cacc1-f606-78dd-078b-801570e3363a,0,1,0.0005510019254870713
4fef610c-e40c-38f1-e05a-d1e7dc5d55ec,0,1,0.0001223525032401085
e1785fee-8b06-da1b-deda-354acd0856a8,0,0,0.0006185034872032702
262a4fc8-7a56-a9fe-650c-3701d3c1025b,0,1,0.00012345165305305272
215d6054-f573-1d02-57c4-ae4fd06e2814,0,1,0.000123174992040731
40caad43-34e6-8b9b-c0a1-5e451fc8ad09,0,1,0.00011731513950508088
d3d812c1-ee7c-c936-7e96-5fd9bc2c3fdd,0,0,0.000371056841686368
49fb4c05-d7be-e500-0dff-ed2b1e808d36,0,0,0.00011008902947651222
87c7220d-3313-1da8-4094-504352033f8a,0,1,0.00012901966692879796
940b5855-df95-a4c4-a8d0-443bb669e539,0,0,0.00014842633390799165
93f65fe1-490e-d5aa-b282-bf209c0b41c8,0,1,0.00013662535639014095
5baf1739-edb0-2896-8d35-ac415e98f5ba,0,1,0.00012928432261105627
c70887d3-214d-c861-8101-0bb2ed4e1fc6,0,0,0.00010925220703938976
60a4f9d4-4d37-0ab9-a719-4a836729b5c7,0,1,0.00012154687283327803
7784aae3-71f3-31f1-eabd-1766de723849,0,1,0.0001257699477719143
62803934-0574-258a-3a4d-e536add013d3,0,0,0.00014421694504562765
49b39b15-2736-4762-da0f-eee3654382df,0,0,0.0002510898048058152
db3627b2-5e32-0053-4acb-3397d68c3d2f,0,1,0.00016170143499039114
50c11131-b398-a6db-985c-93684d44e987,0,0,0.00010264361480949447
b19c3d05-36e6-e8f0-ad2c-936e7095aa07,0,0,0.0001843209029175341
37ad7415-68a7-5397-bb74-0c855ed670eb,0,1,0.00011654166883090511
1d642eef-134e-2a9f-165d-7272b4bef180,0,1,0.00013153628970030695
37cc8d97-4a72-a83e-b4b8-8ebdfff5e5fb,0,1,0.00011792842269642279
c0c97dca-ad0c-8403-2a12-9ba39f509fdf,0,1,0.00013778280117549002
65dba746-b6db-fbcb-22f3-e97cbf1610d6,0,0,0.0004279189452063292
d05a42ca-686b-d207-1f27-14902e81fb89,0,0,0.0001456563186366111
2d184d8d-82db-865d-e423-7a3a0d3db923,0,0,0.000144153309520334
37b7f369-6f16-3295-3105-883189ce3e2f,0,1,0.00011495990474941209
0b072ac9-7789-70ce-a14f-c0574d1f1c61,0,1,0.0001548114960314706
17e2e3a7-48d4-4a9c-d1a3-0fbdaf12e3f7,0,0,0.00030487478943541646
2e2a994c-1d3d-4a68-123b-eb341e9319e0,0,0,0.000128866100567393
96557d84-adf0-45f6-01bf-68664f9f8934,0,0,0.0003308708546683192
03a2ac0b-5ccd-f7f7-cee6-fa3a043eda34,0,1,0.00011361942597432062
4b72f635-2121-2662-4c03-3a963b30f798,0,1,0.00012524575868155807
e0054d4d-c1ba-56ca-4c3a-b263ff73258a,0,0,0.0008309191325679421
468e17be-45f4-d198-11c3-1a5c0d91bc94,0,1,0.00012000297283520922
7c420913-d680-836c-a74e-b6c5ac4988ea,0,1,0.00012602374772541225
8a43b4e4-a9af-fbfc-ae33-2e5097601579,0,1,0.00012762658298015594
769f32dc-a165-0438-324e-f2df908915c4,0,0,0.00011834567703772336
24932142-754e-0740-018a-ff87384ad4dc,0,0,0.0009364978759549558
a2318a0f-6910-e9d2-8832-4a189852c7b5,0,1,0.0002018378727370873
5dd78bca-daba-5677-dd17-1a9d8e4a033f,0,1,0.0014918233500793576
4f4037e0-cafd-92db-dcca-dbd1c237e7de,0,1,0.00012331469042692333
86859986-bf4d-636f-1068-53e1e5edfe4e,0,0,0.000212412909604609
fe6c1748-71d2-c7b0-9889-949b8dbc50a2,0,1,0.0001438117033103481
cd66d176-e8e5-9b89-a999-1557685201dd,0,0,0.00017271313117817044
d3b8d1f8-0a1c-52db-3f65-917364803699,0,1,0.00012565056385938078
d9360c77-cc03-bc44-afb6-ca9e581853ec,0,1,0.004347275011241436
4ab5f449-613a-ca8e-69b2-05ee495dc001,0,1,0.3817730247974396
edbd9fb0-2d8a-f503-f90a-91ed64026045,0,1,0.00011969852494075894
74396ccf-6eff-d16d-679d-6fdc92e6e240,0,0,0.0003304537676740438
ddf17d80-2080-362e-444d-5d4ea35ddc95,0,1,0.00012196601164760068
41093cdf-f87a-991c-ed1f-5bb3c893ccf5,0,0,0.00012272605090402067
a5803290-056a-5bab-dcbb-bfc5bf80dc2e,0,0,0.005002906545996666
5318019d-a702-69ce-ed67-e66853ffc8e8,0,0,0.00012223927478771657
e02d083b-f19f-bf15-ddce-23b0c93229e8,0,0,0.00017364908126182854
35d9d684-d3fa-a84f-342b-04386ad5b213,0,1,0.00011430971062509343
9789ebf6-441f-eec3-72b7-3f6a436d9f84,0,0,0.00013916897296439856
6726b9d1-d169-82df-2190-e60e04afdb2b,0,1,0.00011751936108339578
85d99602-f81e-c768-ecb0-0779740f0a27,0,0,0.00013950964785180986
70e7e953-5400-5a30-984c-1d13d9ea0696,0,0,0.00013178323570173234
ec3ab6c0-3013-7afd-1a02-1a684ccbb784,0,0,0.00015976150461938232
a038c716-6b82-f4a9-a18c-4de24a9dae13,0,1,0.0001425019436283037
7d22e1b7-143a-5282-590a-b2f53c06ac45,0,0,0.00017515118815936148
61ea64ba-d906-b8ff-6440-31d836bb1a85,0,0,0.025177404284477234
324eb03a-7e50-1e0e-84cb-f7f4ca96d586,0,1,0.00012936275743413717
952ee707-2344-e077-173d-9b23fa69a1b1,0,0,0.00011584530875552446
1e0a6aff-8611-0123-9b23-24364ab4877b,0,0,0.00010713787196436897
1dd013d2-3947-9add-b194-91d26967fd84,0,1,0.0025677678640931845
366cbac5-f6e1-8ed9-ffc6-edc0c7a860e6,0,1,0.0001213203722727485
9555c3a4-20f0-ba06-465f-ddbf73e7d7cf,0,1,0.00012150006659794599
45218fbc-d8a3-8398-8bff-71427a522784,0,0,0.0008152401424013078
1ee0c925-fa24-6717-e05b-05592a608026,0,1,0.00011891762551385909
8293d2a9-04d2-8ebc-c9ce-3df44628aab6,0,0,0.00026704632909968495
009ae720-e9f3-3ba0-7d46-ee6a8522580a,0,0,0.00012893024540971965
f2313b65-4dec-3792-eecd-0eeade3e0f72,0,1,0.00012678091297857463
cf2dbbf5-faed-66fb-aa8a-78b520e49776,0,0,0.00025002434267662466
48a0e260-9d88-9578-1fe7-506655e4d235,0,1,0.00012040461297146976
7e5c98a4-c3f5-294e-30db-aae09a940bc7,0,1,0.0004027396789751947
1eb6a20e-750d-f05f-3808-cfc893421cf0,0,0,0.00011560826533241197
4223cbf3-1958-0dce-8275-446c26c1f6a0,0,0,0.0001182443811558187
6de55a05-19ff-14b4-80c1-775cc76e717c,0,0,0.00016621207760181278
21418925-58ff-19c2-d6cc-401f1aeba9bc,0,1,0.00013635736831929535
6d5ba7cd-9ed8-a193-5de9-468bce459df2,0,1,0.015097538009285927
3f48a601-7da5-c2ca-5dcf-679bbd26c532,0,0,0.00013497963664121926
b7a3d46d-0111-94af-bcf1-844b03a3e113,0,0,0.000113781621621456
0f1c3a66-f24e-407e-4adb-b60dfc8bb81c,0,1,0.00011851145973196253
1ca324a8-6ef1-c61e-ba3e-ad5edfb22afb,0,1,0.00015814114885870367
b187f286-751e-0183-db0e-010a8e9f9be2,0,1,0.0001351830142084509
090302c5-8a7a-15fe-7237-221bef3bd0d6,0,1,0.00012645708920899779
c7f0a80d-deb9-bacf-0784-795e8244a8ed,0,0,0.00012686218542512506
66a2b7ef-d2c3-785c-1ac8-5f537663e23f,0,0,0.00010443298378959298
60e1dbca-fec3-f01a-1ddd-367bd855e72e,0,0,0.0001378782035317272
fecc1f03-29d8-b754-eff4-f01b02f1995c,0,0,0.00010749952343758196
53c38d22-9f0f-45b9-46d2-929d7dae51f1,0,0,0.00011996339890174568
32642f6b-7f4b-1258-d074-81aee3c9f50b,0,0,0.0004559372609946877
f75846dd-97b0-0289-9afe-09b23d250083,0,1,0.00012742314720526338
69d1a2ae-2609-cd47-40ce-649bad1f0202,0,0,0.00019744747260119766
b82d810b-5002-4def-89d9-36470bacc55b,0,1,0.00013505996321327984
0974c849-17ff-3f12-767f-9f08d331832e,0,0,0.00029084496782161295
e0b67f57-24cb-b18a-6ef5-b107128b255e,0,1,0.00013163630501367152
568b3bfb-10d9-5692-8c5a-e3f2f4fb21c0,0,1,0.00019563459500204772
37585c85-557e-14b1-f6a6-a6b32226e676,0,0,0.00015845375310163945
98c0517e-7e34-fe82-4e7a-b4c2dd86a3c9,0,1,0.00012143622734583914
6df89ea4-81b7-a579-58d6-1680f5fffd3a,0,1,0.0002544194576330483
14ffe423-afbe-c2e9-e708-1855a2a2d527,0,1,0.0001404872164130211
23085387-5887-33b1-370a-d847aa71ca69,0,0,0.00013698266411665827
32d260f6-295c-e6d0-c73c-05cc33967484,0,1,0.0005032200133427978
8db96951-9211-ca54-25f6-2d2e394a1ebe,0,1,0.00012029983918182552
fc40ac52-cdf7-8ece-f534-6a226c3702ce,0,1,0.00021330060553736985
65e2f616-eeb3-9445-7976-9bae740311a8,0,1,0.00012068106298102066
864022f8-2055-5922-1930-9c5c8c035828,0,0,0.00011538128455867991
0b5581d1-d5cd-5f07-4e19-46bc1df8d12d,0,0,0.00011839715443784371
42bfb7e0-98f0-b3ba-53c2-7a4727a6ca15,0,1,0.0006451571825891733
81b8ce9b-b90d-f951-8baf-c7f9f22c4a7a,0,1,0.00015460466966032982
1ef9499a-5d16-6628-8532-9aec197a7c25,0,0,0.00019652899936772883
f5cdaedc-8ba6-aa07-3604-efe6b5452261,0,0,0.0022538902703672647
bb2d713e-d09b-4cd2-33d7-030487c9ab4d,0,1,0.00015102638280950487
3721529d-9587-d9d4-3509-4ecf3c5f85a8,0,0,0.00025842865579761565
6972bffb-2184-5dc7-385c-ac0d81b1c298,0,1,0.0001226960011990741
acbf6c0b-7dca-fd79-733f-bbe9e29e068e,0,1,0.00013213467900641263
7d569248-980e-fc98-c7ef-71f5f0d94ea9,0,1,0.0001382049231324345
b4ac11ac-f81b-286e-cd33-f5b835f30f5b,0,0,0.0033076463732868433
ec5e9a5c-f624-63c6-4c28-96cfc151ea47,0,0,0.0001813897251849994
04062dd3-503b-ff13-bb8c-64a51258c955,0,0,0.001297291717492044
4e36eccb-2f18-0c84-e1a8-6f6bb4f53399,0,0,0.07930800318717957
b1804027-28c3-33b8-c577-364eef90e55f,0,1,0.008192453533411026
60953459-0494-c409-8a4f-fd4f16d45cb2,0,1,0.00012915518891531974
bd9d8782-e06b-29e3-ca24-b2a264255194,0,0,0.00012239461648277938
7442eb3b-f594-e687-7de0-a2ae8a12bfc9,0,0,0.00021536297572311014
9310653a-74c6-bbce-3d17-3b976855abbb,0,0,0.0006864157621748745
3669f225-47b2-12e7-1564-3bcc7a05b9ef,0,0,0.0013079628115519881
28f26721-f8db-cf82-f741-bc7a43a920cc,0,0,0.0001440119231119752
957b0640-10a4-219d-e364-a24011af64c4,0,0,0.0005262232152745128
3f24a330-08cd-7cfc-d04b-9ade5a9e5b9f,0,0,0.00012627839168999344
baae1955-9430-d1d3-cb5d-45bcfc268ce3,0,1,0.00011819353676401079
a97b3d69-173e-aaa9-8345-48050cd8b462,0,1,0.0001275550457648933
9b4e4d49-b344-f1ae-2d58-094a0154f505,0,0,0.0001734655670588836
b555202c-567d-6182-d3e2-d92e9deef078,0,1,0.024488674476742744
38210f41-8443-84f0-eddd-e34aeb2f4fec,0,1,0.00012344657443463802
7fc6ea30-1a4e-8970-7cf0-88a96f60cd99,0,0,0.00010468683467479423
45491d9e-eaaa-3b25-7823-c35f69c646fd,0,0,0.003703054739162326
50e7906b-df10-8525-b19e-c6480848739c,0,1,0.00028609856963157654
09b60e2c-b93b-dfc9-4de5-efdd1ebbc4ca,0,0,0.00012981725740246475
7a6c1f2c-69e4-0ae1-8ec8-9a7d7f853169,0,0,0.00011070002074120566
a7289ca7-13e7-b2e0-9052-6d71b6775498,0,1,0.00012101213360438123
61e549d8-9d62-1ec5-88eb-e87bbb18c708,0,0,0.00013031085836701095
67aff22d-ae6b-e6d3-c263-56e831747de4,0,0,0.00030173276900313795
133841c7-4828-25fd-c98d-5307c7208bf1,0,0,0.00012701177911367267
803860ac-3936-c84c-d51b-3ec928a37f58,0,1,0.00013884741929359734
dd3cc32b-41e7-6893-340d-4cf1548c36d7,0,0,0.00019403213809709996
eab71870-7143-7a1b-45b5-ac13d8a0e36f,0,0,0.001530812936834991
c468c660-3c8b-e6c9-38ad-dd840cdf93ff,0,1,0.00013714941451326013
1ddbe559-ee0c-af4c-9b88-9eb22d565773,0,0,0.00011881560931215063
9efec540-7e23-1eb5-9bd6-97b59159fb20,0,1,0.00017380512144882232
0eb67951-7d06-e0ac-809c-0496d678c162,0,1,0.00012499711010605097
f86e25a2-9469-a7f7-08f1-809e6db91c61,0,1,0.0001741694431984797
cdf95271-45ee-cfde-d1ef-3691a0bf3e56,0,1,0.07149633020162582
3357f0be-0122-4cab-6d38-24f61fd5f682,0,1,0.004712436813861132
c11d5970-1a55-ea5d-e833-18504495b5b5,0,1,0.000210568803595379
2e45403a-e512-2b0b-6c7a-3eb97e7c4adb,0,0,0.00031251393374986947
fed97d68-e7c6-75cd-267b-f942fc455dfb,0,1,0.00011943263962166384
d835ab7e-f503-069c-cbf1-d7ca6c9fc648,0,1,0.0077841076999902725
788a39ab-3017-e836-09d7-89cfd5fa4f82,0,0,0.0001683307928033173
7201b774-5e3e-fae0-cb57-9d2279550024,1,1,0.9961825013160706
0238fdcb-8439-f178-6edf-17a4ac91b405,0,1,0.00032975609065033495
ec202bad-c3d0-7b9c-9732-28733769a788,0,1,0.00012514524860307574
cef42ddb-edb9-1499-4d5d-e5c40eafb81c,0,0,0.00018661734065972269
999ed2e4-8a1c-80d5-98ce-94760222d79b,0,0,0.006329875439405441
202304e8-0e48-f8f8-a001-392eba3d1abd,0,1,0.00011980083218077198
d5a87043-fb25-41b1-7d2e-42db77d575fe,0,0,0.00010715800453908741
c8220a69-0ac1-551b-a85f-d7bb8b325a42,0,0,0.0029707923531532288
f933a971-26e5-5710-dc4a-cc480bd90f4b,0,1,0.00018503826868254691
c9bae1b1-bd63-2423-f487-de05d8b6f756,0,0,0.0038292391691356897
407b5402-7b1c-c448-1227-55ae60a4f8af,0,1,0.00013802186003886163
7a4eb0d4-cc6f-b5af-dcde-8ec54f238b83,0,0,0.00011437555804150179
d7502156-2b26-4afd-31ce-ea33bf6b8162,0,0,0.0005326667451299727
8537fc7d-726d-bffe-8aee-edd42c896794,0,1,0.00013391811808105558
c9397aee-ff0a-f205-9624-4cdebd872e41,0,0,0.00020564511942211539
66ab9652-81de-b605-516c-bd9694d9fa98,0,1,0.00013037897588219494
2ee5af79-f4a3-238e-d93f-64a3c4056598,0,0,0.00017353503790218383
d0829d3b-3e57-e19d-023a-1faf5d56c0a2,0,1,0.06561470031738281
171c2669-95b1-6b41-45e1-21d272ee7b1e,0,0,0.0003250330628361553
ba84a61d-5801-4669-8f50-ca7af28e5041,0,1,0.00012697158672381192
69edd78a-29ef-4cb4-d3b4-0a453379a3de,0,1,0.00012062938913004473
30eaf6b9-afad-249f-45c0-887ec1663acd,0,1,0.00014467698929365724
f55077f0-c130-6a4a-2159-aa9a62490581,0,0,0.00013802159810438752
2670fb07-1085-b584-4fcd-23493c6ff331,0,1,0.00024318393843714148
5b64a2bd-7fca-6970-2ec8-f147b77f5ce3,0,1,0.00011756531603168696
bcb86cf0-5507-ddd6-a5bd-a5a6eaf86b59,0,0,0.00010955526522593573
46fcd652-4b2c-bccd-c620-96e7b4a65056,0,0,0.0003374009393155575
01306420-b15b-cbe8-92ef-1490a6d1ce06,0,0,0.004056834150105715
677b33cc-509d-34cf-9da1-7c15bdd1cc3f,0,0,0.00013373169349506497
3c208d3b-9617-7d83-7926-4026bd361ccd,0,1,0.0001162042171927169
d886f5fa-d910-043c-8e02-942c044cc2e3,0,0,0.00012374571815598756
609f0380-6a21-ea5b-43fa-b54942bc3ade,0,0,0.0001273491798201576
f3e9d991-8e81-e4e7-f720-f24a720a3f00,0,0,0.00013248113100416958
3bc221f2-2837-5fe8-5af4-d7fae889fdc5,0,0,0.0003047893405891955
52ba8462-e6d3-1b56-4b4a-ff756a9d98ca,0,0,0.0014391347067430615
29bb0c80-f05d-95e3-fb1f-854cc0ddfecd,0,0,0.0005401840317063034
92ca7741-6882-323b-ed06-17c96e49c46f,0,0,0.00014596176333725452
8d139f30-76a7-a469-3e45-b9ddcc2936cd,0,0,0.00014500375255011022
fffa8f2e-eac3-951f-4065-73ec9d9545b4,0,0,0.00012596366286743432
92478be2-3d96-0224-be8f-1cc7e753d5db,0,1,0.00011499574611661956
efb9ab5c-bcba-c0fb-a552-f334c5829c8a,0,1,0.000498760724440217
73586f73-b8d9-0d4f-a1f3-e7251f77c8b0,0,0,0.00015859976701904088
101f9ba3-d539-b726-58bb-9a8da65b502c,0,0,0.00012000892456853762
36aef113-fa68-c350-04aa-b87682f162c7,0,0,0.00012449253699742258
1ad1f162-316a-1c36-1736-90ccdb10ba0a,0,0,0.0013333349488675594
53803558-b792-80d6-272d-f2c6887acf74,0,1,0.000131714521558024
baade2a1-04e6-c576-62dc-69de18df1841,0,1,0.00012042620073771104
7a05c3e6-e824-f627-dd57-fd27d63b539a,0,1,0.0003055970882996917
43351e02-b167-f3a4-cbab-38715989a12d,0,0,0.00013545824913308024
cc01be64-0e27-56d3-5e13-edd63c2e3a0a,0,0,0.0002046926529146731
55e4612f-7f0c-19d1-9a97-cd91e53866dc,0,1,0.0003343974822200835
e1abbded-a977-6c7c-4f40-2b980b12ba8e,0,1,0.0012484495528042316
4f1bbac0-8258-8608-d2b9-4afc470004d3,0,0,0.00017167760233860463
d2ec60e1-6064-f97f-c019-b31c60f1571f,0,0,0.0002936515666078776
7bd8daf4-82f6-83fc-392c-6b7bd1318d2e,0,0,0.002099479315802455
c00342de-f5f2-f793-a231-48687b16b8d2,0,0,0.001065409742295742
0aacb673-8e64-555e-b1ab-de96961260ce,0,1,0.0001510683068772778
69734b9e-cc4c-7980-e364-cd501c2b7069,0,0,0.00011980917770415545
45763fb9-438c-b4b8-3270-12160dc4a337,0,1,0.00012117815640522167
c928a8f7-3d75-69c1-9db3-63ae3e0eeca3,0,0,0.0001515938201919198
021b479e-f169-ca75-851a-b5845d86bb73,0,0,0.00011872511822730303
0259218f-09f6-cae5-c607-f8d4417f77d3,0,0,0.00013921463687438518
cf223d66-3a32-93a8-78b6-0a7d7a5bf33f,0,1,0.00012207910185679793
f8f00546-a41a-6995-2b74-5e697330264d,0,0,0.00013307618792168796
fe236c5d-78b8-e02f-2247-d91e9ee3737d,0,1,0.00011353084119036794
50e098ef-5996-d706-0458-24a49584f7d5,0,0,0.00014687262591905892
3e956f71-2451-5ae2-fb00-25906ed238b0,0,1,0.00012208771659061313
5d26dc35-618f-df57-f874-56d6b135ff0f,0,0,0.00011951431952184066
192e43ba-4177-25aa-8085-551e3756014c,0,0,0.00018586921214591712
d71ef6c4-9b07-4f93-be40-723c562225ac,0,1,0.0003546761872712523
f46b5c6b-a12a-510a-9e2b-76cd8b221a77,0,1,0.00014393284800462425
6b1924a6-a2bb-7ed3-0776-d8b9ab7c7c51,0,1,0.000223554641706869
55fa8b39-8c16-0bc6-2a4b-55fd10dcb26d,0,1,0.00012830870400648564
db0b6a9c-3bc6-3107-970d-48f7658d854c,0,0,0.0001763448235578835
2f14d583-1249-66bb-d119-3d5a9aae2d0e,0,1,0.00012250064173713326
67738abf-e57a-d29b-5a05-9597e338627a,0,1,0.00011709518730640411
c19d6a67-f6f1-8c04-0994-e17b40e35cf1,0,0,0.0001311340311076492
cecd8bcf-73b3-6f2c-1855-578b130096e8,0,0,0.0004711798101197928
242e79f5-7447-3229-8295-130ba001201d,0,0,0.071043960750103
b0ed4b22-f8ef-1fe8-bcc6-a1d93fb0b879,0,1,0.0001136560458689928
5c27dd4f-f0a1-fe6c-e0f0-bcd42d5a825d,0,1,0.00010891872079810128
afd6974d-f553-2439-b45b-e44990d099db,0,1,0.00012449015048332512
0dbfdfad-550e-7c3a-6be0-ba164d1338b1,0,0,0.0004676132812164724
52195a61-6618-d813-38a8-82f03e3e9ef9,0,0,0.00014023372204974294
b2af85af-7c29-21d5-5fbd-2d5499cd5443,0,1,0.00017369198030792177
0347e8c8-e13e-5f29-65c6-4613c0035e9f,0,1,0.00017122783174272627
9460d8e0-9edb-1ca5-3de1-eb3f41d8ec1c,0,1,0.0001225529849762097
4da8f735-0f93-f4f7-e525-c135cf14a402,0,0,0.00026175149832852185
76b13e96-47d2-b1a7-8798-0dbb1d81ea55,0,1,0.00011823276145150885
6e027dc7-02ba-e1d8-0a85-248f9deee435,0,0,0.00011541067942744121
76a9a581-e220-101a-b1ba-d227e6c9a766,0,0,0.00010758997814264148
468f6239-ed9f-a85e-665e-125da88b55a6,0,0,0.0001277802512049675
1db66834-020b-685b-0e83-f6a23281e190,0,0,0.00016826340288389474
7a7f2d7c-4a26-0a75-94a8-482d78a2c9cd,0,0,0.00013220476103015244
0a2cb037-ba63-e3f3-6519-3256a2f4c863,0,0,0.0001452478754799813
af9b6739-046c-ca83-7158-51517de364fc,0,1,0.00018357405497226864
0e3a4e64-5e53-6d4e-9292-105052bee740,0,1,0.00011347217514412478
c4e762eb-940e-b70b-45c1-085bd4bbdfa7,0,1,0.0001246098690899089
1b5fd7db-d5d8-2cde-3a63-57e78f6212d7,0,0,0.00013434659922495484
cd0d3670-46d7-81de-7a34-2087c4c3c8ab,0,0,0.00014442915562540293
2c349e60-71b5-921e-06e7-755de2dd69c7,0,0,0.003265958745032549
af15f6e6-a79d-b789-beee-24c86ea9a4fc,0,1,0.00011788412666646764
b81790e5-89e2-09b4-6509-3d617f744617,0,1,0.00011285849177511409
1e5fea5e-881e-5cf7-2d34-448cc4b2e7a5,0,0,0.0001158601080533117
ef544924-a6f1-bc9b-c78a-85db2c091739,0,0,0.00012312812032178044
cad964cb-5415-45af-c26c-8fecafe93b28,0,1,0.00011370743595762178
b62ba567-9bb8-dc8f-8095-ffe3dff99049,0,0,0.0002647734945639968
a330e12e-8a50-0db8-22a1-8a2a82aa7041,0,1,0.0001370749087072909
6557377e-ee75-af00-71a9-67f917e44aba,0,1,0.00012212847650516778
2f3bd9fc-132a-f11d-fc91-065815868058,0,1,0.00012455690011847764
24efc57f-2211-f4c6-4585-0951558d12e6,0,1,0.00011087708844570443
7ae97e47-c5de-aed9-f49c-2e3e8a26e0f4,0,0,0.0044976454228162766
fa6eb28f-7365-cbbe-58db-a1972df66488,0,0,0.0001502166414866224
da128a47-e2c9-fe85-94b7-7d46374b63f9,0,1,0.0001314827532041818
b54e375e-3db1-be64-e631-aa7ec44b203f,0,1,0.00011984083539573476
421075e2-0ecc-50de-fd75-d2c53e7c13bf,0,1,0.0020549683831632137
c99b2d92-f30f-b339-4f75-c5cc5b9d121a,0,0,0.00017220023437403142
8badab43-8d38-369e-03d7-77deb4b95c8c,0,0,0.00013584991393145174
d63c59ae-37f6-8c7b-62ee-82943c80a2f2,0,0,0.0018369193421676755
5246db8c-901c-095a-f9c1-b47d87c7c465,0,1,0.00012757231888826936
5795971a-c20a-26b2-6808-800424ce878a,0,0,0.00027320830849930644
ab2d6573-07d5-d3bf-3511-2181274f4f80,0,1,0.00030150957172736526
252a4154-5498-ec8f-7a0c-0e53f5652460,0,1,0.000820610614027828
f3d728b6-00f7-b852-d62e-1534ebb1af7b,0,1,0.00012854579836130142
d2f5dfe0-1bff-0936-348c-96189716b915,0,0,0.00012308478471823037
ba845e2d-c058-77c1-464e-57313b9d9e6e,0,1,0.00023006278206594288
fcc13c98-58dc-4a2e-ca69-0d7ef0261bd2,0,0,0.0001982010289793834
e317ecb8-0472-2d61-19fb-c155dd3e71e1,0,1,0.00012372872151900083
ed4d08ac-04d8-f114-c956-605cbde03b65,0,0,0.0015418225666508079
1a74d05a-ce32-65c2-4c93-d774a7d5a5c0,0,0,0.00011847631685668603
21e4a19d-d298-ce75-7a1a-07c635d651f1,0,0,0.00036403228295966983
1dae5172-7eee-54dd-8899-0a8b49a4f216,0,1,0.00012433000665623695
8fa32130-06f9-11d0-3fd4-ecb16edb48b8,0,1,0.0001750199735397473
014705c5-a1fe-b5da-b4fe-3f4f06bd1871,0,0,0.00038974222843535244
a31e3cee-2428-dbb2-07a4-513d7d144c7f,0,1,0.00029828419792465866
438fceca-a0df-1faa-f114-c76b9f57184f,0,0,0.00011113887012470514
582aa5ee-eeb7-8991-6f04-3d0b1c2db57f,0,1,0.00012238352792337537
e24cf6cb-9871-8ef1-e9e4-ba3d880bf522,0,1,0.00012980586325284094
e3640a3f-79d7-c522-18e4-82ac31b69a2c,0,1,0.0002612685493659228
e2cbb1ba-d6d7-e42a-db18-a85418bc168f,0,1,0.00011527132301125675
c1d9a3b8-d844-69fb-c37a-b7c73b16fda0,0,0,0.00012312330363783985
3d2c1fd5-e99e-fb92-5e10-e9515ea136e1,0,1,0.0001255257666343823
cd3d0b54-610f-14b0-d588-934fd607f22f,0,0,0.00012316137144807726
31211a34-23aa-ff6e-3a56-93b7bbcc1948,0,1,0.12713927030563354
512fb13e-2a00-b4d4-7765-135c37cffecc,0,1,0.0001240233104908839
71937c8a-c2fc-0104-affd-0c020e4f3c1c,0,1,0.00011350702698109671
67265da3-1f74-fba3-634d-d1912659c547,0,1,0.0001234656519955024
cd788b7e-48db-4c99-fc5e-8f05fbc74ad0,0,1,0.008018476888537407
ba87d319-495d-f078-4a23-bbe9e5e5e151,0,1,0.0013268649345263839
d644834e-63a5-9761-a2d9-50640835cb6b,0,0,0.0002291000564582646
cfc9c81b-2f06-2d5d-226d-db8e10598f6a,0,0,0.0002352203446207568
2956869d-3e87-3f8a-b3cf-9251d570521b,0,0,0.0043423715978860855
6fadf9ee-22dc-6825-a443-1adced812288,0,1,0.00012136921577621251
b97cebce-76a8-bbb6-9a1d-66a3c772bb22,0,1,0.00025640486273914576
954e47e6-f5c8-f46b-8a15-2c2c0fd55bbf,0,0,0.0001296624686801806
e433b40e-30c7-040f-0ca6-bf0c3572bda8,0,0,0.00014909985475242138
2affdf73-b15c-53d1-2d76-9a4e06335f7e,0,1,0.000127457533380948
6e9ec5cc-483f-f94f-9e16-018ef2a73107,0,0,0.0007405437063425779
7ffbe1f9-cd81-b2fd-a30d-4f25a8021604,0,1,0.3226989209651947
f80e7b4a-12b8-8f4a-ca6b-7b555155c402,0,1,0.00012152263661846519
a13a179b-b4b5-2b84-d501-987d3436df58,0,1,0.00013367774954531342
5234b2d6-e4d9-3647-dd35-0c0023702081,0,0,0.00015745834389235824
b0a924ad-9795-b5ce-1ec6-031313e221b8,0,1,0.00011956597154494375
a0263d55-2b82-400b-b9fc-4ab1997b2193,0,1,0.0001281700242543593
5b6f58c6-7451-3a5d-581d-b0c88bf025a0,0,0,0.0001784772757673636
a15eb598-45b4-9f2f-5ea6-4c8b524b1ec7,0,0,0.0013683412689715624
056fe96d-d293-6830-fd58-a13f84990e50,0,0,0.00015973104746080935
fc13f7dd-9b8f-a8b1-8544-a0096e9ee217,0,0,0.00016023582429625094
768176e3-184a-0746-ddaa-406a7759d02e,0,0,0.0007635735091753304
8a17f307-2c2e-b586-da67-da4770afa8ab,0,1,0.00014248320076148957
3f2b65ce-04fa-85df-93d3-956caf33381c,0,1,0.00013645908620674163
f9970779-de19-8d94-cb4b-01e9065d370e,0,1,0.00012142638297518715
81978ad7-c9f6-de79-bf73-e26603fbe7d7,0,1,0.006855939049273729
dfad59d5-b559-febb-b3ee-5d1892ab8a8a,0,1,0.00012706629058811814
6960eca5-bcf0-a308-94f0-09993b228fc6,0,0,0.01599293015897274
defea467-dd1e-cff6-c7b6-f4ef424e0ef2,0,1,0.00011622969759628177
308a48a4-b99d-5e5c-4d37-7c6267c7bf06,0,1,0.00013770084478892386
29578fff-2cb7-3961-ea93-40967cf5fd52,0,0,0.00010678548278519884
46697e95-3a33-aab8-cd11-b49b50f42da5,0,0,0.00017428008140996099
5b8965ad-e5c9-7f23-69ef-df102d5c01b4,0,1,0.00012876317487098277
85430a59-0e7e-d00a-a6a5-f69a0bb0b09a,0,1,0.00012435537064448
adbf258a-5587-d6f3-9621-4ab2a6ed8377,0,1,0.0002852330799214542
6675e94c-c36c-3959-8202-66bda07b1847,0,1,0.00013669428881257772
c81ac8b3-88cd-eeb3-1aa0-6c548c235df9,0,1,0.00012296724889893085
b6c76dba-3e60-24d5-2413-fe89467ebb49,0,0,0.00011699183232849464
32b1a8d2-46b3-49dc-506c-2cd1ee1a99ab,0,0,0.00023623691231478006
5792e3fa-e700-8ce8-a4f3-3d6c20ca1bc7,0,1,0.00011916644871234894
d300b1e5-4453-3c26-fae7-ec6288f53260,0,1,0.0001300784497288987
382840c5-d3a1-19f7-da8c-003909330f2d,0,0,0.005561091937124729
b6cbab78-332c-0de2-e3a0-13f8b0f59a7c,0,0,0.0025806280318647623
2098644f-c92c-b800-2d2e-7a30b072e245,0,1,0.00012601570051629096
97c47aff-dfc1-59f9-3b0d-99aef5b937ac,0,1,0.00012974966375622898
c2eb44ae-336e-76f2-4a95-d86ed6c88029,0,1,0.00014210559311322868
dd267592-a873-9fe5-ede4-61a3938726e7,0,1,0.00011657112190732732
9b6f7ae3-c29e-8936-00a8-af7951d03a2c,0,0,0.0001569949381519109
03afaaca-8ad8-8ca2-acba-a2bd2ae1e3fb,0,1,0.00018856987298931926
3c72765a-5585-4a78-2be5-3c37a4ed5185,0,0,0.00013712589861825109
13025fdf-5f24-1b26-08b8-db7dbf297f90,0,1,0.0005549234338104725
51c264c9-1249-26bf-7251-d00c8eb18037,0,0,0.0005011126049794257
9564fd2b-710f-ee30-fb41-81a28ad1d77a,0,1,0.003404021030291915
b16036fe-cb7c-c668-5ee4-bd279af7dd95,0,0,0.0001939692592713982
537148f2-00c9-3b09-033b-fc9fbe6620e3,0,0,0.0001157507867901586
0caade77-00da-23ab-82ef-8a692f3f265f,0,1,0.00011312979768263176
3f25570c-bf55-6a1e-7bf1-41d5e565e1ac,0,1,0.001719924621284008
5ded91ff-bb41-3ec2-2f77-74099f6bee7f,0,0,0.00011075619840994477
eb2b13ed-d270-9105-fa13-74001631f39a,0,1,0.00012567405065055937
d2854da2-66c0-e7db-15a8-39b0b275bb83,0,1,0.0021538627333939075
ef57124b-eb1e-435b-5c85-a319b5bcf760,0,0,0.00011427570279920474
fad99b93-b18b-4c6d-b3b6-efd97afc46da,0,0,0.00011091302440036088
cbd5cc36-2bf3-c18b-62d5-4876579dcf94,0,1,0.00011423747491789982
4cd79372-6d6d-8721-a2df-c2c79877ed54,0,1,0.00012644527305383235
1c8f0f87-682a-66b5-9f05-4fc204913dd0,0,1,0.00013142370153218508
0c9f8226-b4e4-44cf-cb63-8a0885ecdd1d,0,0,0.00037001073360443115
45a97b3e-7c26-93ec-15af-14c4f9181e54,0,0,0.00433221785351634
32077e85-39e7-3cb7-1849-79d59084f4a8,0,1,0.00016404087364207953
4dbd07c4-8653-8e8c-d2fa-805593d934f4,0,1,0.00022407641517929733
8e8b918b-6833-b210-7a12-8d4a3237d29f,0,1,0.018181603401899338
f3eb6d7d-db39-12dd-6be1-aebbad1a8525,0,1,0.00011922134581254795
2aeb7504-a09d-819b-8df5-f9d248496fdf,0,1,0.0001214467702084221
92e5fae0-f23a-bfa3-2cd8-afa2992bfcf1,0,1,0.00013552879681810737
1af0805f-78c4-ebb9-6b41-f7504a234929,0,1,0.00012111335672670975
ca443562-a488-174c-d515-61ad24fff257,0,0,0.000271189259365201
adb85dd4-2c79-3d76-0145-e0925f42907f,0,1,0.000159913906827569
5ccefba4-11a8-b332-0fa4-55f20db3301c,0,1,0.0001244931190740317
6659aa32-6ba0-1552-a47a-f9e88c36c108,0,0,0.00010651425691321492
aaf3b824-9821-21c6-c128-0f9afc9a5ee8,0,0,0.0001100858862628229
ec9068a6-f977-66f6-a624-4d729bd2810c,0,0,0.0001330607192358002
963047cc-dfc6-c071-7794-398a51d9780a,0,0,0.00011819771316368133
786b0c13-9219-3df5-341b-47aa8a0d509d,0,1,0.0008384814136661589
d0cac49a-c73c-2f68-c49c-a15609ee2f45,0,0,0.00016488329856656492
87bd8329-8115-6b97-97bb-184c82466ab2,0,1,0.47473713755607605
35394501-25cb-a95e-afc5-51e8ded407ea,0,1,0.00012540158058982342
a752f214-5923-a598-24c4-e66acb03655d,0,0,0.00014674242993351072
4f090eed-7924-7b57-035e-cbd8c749bbb8,0,1,0.00011990690109087154
db6a6016-f89f-a500-7186-50b5231a2493,0,0,0.00012079055159119889
d35864e1-b34e-1a85-3a11-2a6b25f70651,0,0,0.00013314270472619683
92c22b0c-809c-bea3-0702-8aff25de629b,0,0,0.0001290475920541212
3115f2a0-07cf-30d4-2613-a9e34786a8ad,0,1,0.00012898830755148083
cd5ffb52-cd69-6b5b-c8c5-94517f597cfe,0,0,0.00010283680603606626
2d02910b-7cfc-3b00-5dde-f12633d68add,0,0,0.0001171481198980473
ed0ab50f-8eef-862f-f6c1-7ff434cf172d,0,0,0.0002273189020343125
620dcee3-a4e7-b5b1-0afc-a7b174f89250,0,0,0.00014141877181828022
b79bd3cd-9113-dd00-4431-9dff4f6711dd,0,1,0.0003115182917099446
70feb4a4-8b93-b41d-2e89-c27b374ae2bc,0,0,0.00020610642968676984
5a8365b4-da89-013a-1ec0-a33cd82dd062,0,0,0.0017570315394550562
7cd86d54-5c89-a74c-3063-c7a790dd3b67,0,1,0.00021111482055857778
81bcee39-436d-7b2a-e6dc-3ca84368ef03,0,1,0.02791493944823742
230497c3-f745-34ac-6cae-650e6d73d0d8,0,1,0.00012385431909933686
dce8fd6d-3b08-b48d-40b8-32db2d402eec,0,0,0.00012605545634869486
734df8f2-d5c6-6951-0a41-4bfc1a5fb688,0,1,0.0001221897400682792
22e967ce-b200-65c2-2ed1-3c1ae16ea46e,0,1,0.000296666199574247
b6799a84-858b-e7a2-ab05-af5359e7675a,0,1,0.00011268848174950108
d35c3286-961a-1df1-34d6-71adb75a57b7,0,1,0.6578711867332458
949ea2c0-3a70-e32c-5dd4-968876526e3c,0,1,0.00011796959006460384
e260a0b7-950c-f3b0-efaa-3919fa0f41e2,0,1,0.00011550755152711645
2fdf7cde-4a9a-00e3-df35-aecdfc710f08,0,1,0.00012724040425382555
6457ab66-f856-e1b4-a4b7-c5c055e64956,0,0,0.0004936711047776043
cb3e206d-1566-b055-a444-a8cff97e01aa,0,0,0.0001158628729172051
ffd506d6-89c8-114a-187d-f0686afbd94d,0,0,0.000312480260618031
1c333bcc-6b67-cdb0-05fc-71eba1a24d81,0,1,0.0010208970634266734
1a34e0fc-ea0d-31cf-5a34-fb2590c4c3c0,0,1,0.00012394977966323495
4d6ea9c0-9c36-5685-b116-6b2185cc783b,0,1,0.000376255891751498
6a6c80b4-ff6d-4438-ca7f-58a24a9a622f,0,0,0.00013030774425715208
3c5ea63f-72b4-22fc-2521-95ab61d95e4e,0,1,0.00018015781824942678
4fb00f44-8df8-79b5-9052-e9ac02eb69f4,0,0,0.0001404636714141816
a2156b45-c504-bdd8-2f3e-cd1df0f15377,0,0,0.00012480180885177106
6817b890-ba32-c701-9070-5a2c1d13432e,0,1,0.00012736920325551182
aedda1bb-cf38-441d-3b3f-c6ad8ef9c010,0,1,0.00021596629812847823
e56433de-77e3-1bff-d6e8-14507d274be8,0,0,0.00013269251212477684
aea5c841-d3b5-580a-2891-380a17bb314b,0,1,0.00012316476204432547
60895bce-b860-3079-84a1-79a84fe3cd28,0,0,0.00016766504268161952
a264506a-6671-a319-9179-1c42707a39cb,0,1,0.00013910104462411255
f3ca2008-72d2-c55b-af8a-dd9f13938233,0,0,0.0001235923991771415
6defff9a-f6fc-2f40-7a2b-11757eedb265,0,0,0.0003456009435467422
64e42856-4a53-0fdb-fdf9-9c3d2bade052,0,0,0.0004993841866962612
d3d6d928-5d75-b6b9-9168-3fbda9da5a47,0,0,0.00011691600229823962
55855411-b78c-4ad9-197b-e4fd86f36916,0,0,0.0005708858952857554
f46f23f0-6b37-2d3c-d3db-2f6505841fde,0,1,0.0003925840719603002
2977552a-48e6-437a-770d-0bb1cc490d17,0,0,0.0001177284138975665
de545339-bb9e-e511-235c-d79f330f7aaa,0,0,0.00016405088535975665
5d19bd88-4c10-6f56-190d-9456ec8cc8a1,0,0,0.00011075027578044683
8bacd110-9e85-b09b-0f67-ebfe442f4a84,0,0,0.00013095485337544233
be9ead96-11ec-71e4-34a5-4ed0480dc217,0,1,0.0001302739547099918
51eb35e5-5959-b4b3-c556-c3ce1a1f877c,0,0,0.00016683163994457573
c4d845dc-dd8f-0c7a-3b4d-fdb4042e9b3d,0,0,0.001928266603499651
87989d04-11da-f2bf-df6f-aaf0b4dea217,0,1,0.00011757631000364199
b7df2534-3341-6843-f6eb-6e999b9435b0,0,0,0.0005118093686178327
d102ba67-d14b-8919-c176-0f1e79fe54dd,0,1,0.0001375134743284434
8581af90-3f94-d336-ab37-e1883c1cf126,0,0,0.00018771059694699943
bc2bd754-1e9e-609b-7d70-0a2ae24dc346,0,1,0.00012496995623223484
8a560aed-f0ee-2b50-8760-95754450dc85,0,1,0.00011701726180035621
3eaf86fc-0dba-78ae-25d1-d0a69dd8c11d,0,0,0.00046249470324255526
e7b6cf88-33cf-86c9-6d4c-20506477b00d,0,0,0.014516986906528473
9b9e1fe1-c46c-01b5-e768-a04fa38b502e,0,0,0.0014563162112608552
74718c19-31ee-e0f0-81e0-ed933f1ab8fd,0,0,0.00039947463665157557
ad62a05a-8b17-ad79-63e6-7fd3787ff85c,0,0,0.0003635741304606199
53e60242-f344-8594-f3bd-852628f86ed0,0,0,0.00016351271187886596
507f5ef3-9746-03ee-6d94-635b44395abb,0,0,0.000164670855156146
466bf97e-a8ec-81ad-2ddc-e552c51a2642,0,0,0.00011914735659956932
1fc39994-990e-093d-b655-29e346c48843,0,0,0.0003372671199031174
9c9d654b-8e86-db77-677a-d42a74964d8d,0,1,0.00011557861580513418
fd74adb1-02eb-9044-bd04-5547ccaa8849,0,0,0.00017794031009543687
6eab2f67-6bb6-ebe5-f28a-e40eff9620dd,0,1,0.0003573420981410891
134cdad3-b6c3-16e8-9ea0-237bc1a62393,0,1,0.00026046836865134537
77db2d7f-8ffa-4d72-647e-011aeb63b10a,0,0,0.00011222169268876314
a6a0971f-16fa-cc71-eed4-b0fe86a12e77,0,0,0.00012312376929912716
3590d3e8-2065-30d7-ff01-e0799ca4e96c,0,0,0.00012089793017366901
03e7c9f3-4db0-64c5-d04d-907753ee3d80,0,1,0.0001433669967809692
c4b74f6c-a321-99b0-9865-9ce9b6cfe673,0,0,0.00013928327825851738
0d48b79f-2b55-fbe3-7132-b854009c8164,0,0,0.00013075172319076955
36addf72-7e3e-69b7-de09-f0cdfdbf8ec1,0,0,0.00013882966595701873
545aad24-ba8a-d1bf-057d-96fef250f4be,0,0,0.0007230382761918008
5e8ee044-32ee-dfdf-667f-c03ef8c31420,0,0,0.00015030891518108547
0ec19a0f-d2a1-db9e-f86a-34288c415c29,0,0,0.00018868065671995282
feff7fff-9074-48b9-b5c6-b93b88694188,0,1,0.00014930243196431547
3bbabc83-9246-deee-601f-8454453b890a,0,1,0.00015348671877291054
1c250930-9a97-c447-8685-0270b5a65a66,0,1,0.00011970674677286297
a1055708-69b0-fc83-9658-d06a8c7c6c75,0,1,0.00011932769120903686
ad69c7d9-668d-aa97-3692-f87a5c5569bd,0,1,0.0013253290671855211
8e00e03a-8e34-9d6f-174e-136664193fb3,0,0,0.00027063832385465503
5ca0f9f5-cfbd-e4ce-3a1a-f709c274e830,0,1,0.0001371638209093362
a29432fc-a41c-0adc-1557-943967ca5107,0,0,0.00015474479005206376
74f80a92-11a9-c03c-f02b-83c1ee247ef8,0,1,0.00011380918294889852
9981c7e5-ee2c-6433-f5df-2f41a43e5d38,0,1,0.0003782378335017711
0202095b-f94f-ca6f-dc12-61988093c44f,0,0,0.00011846196866827086
f3953923-08ff-f414-1e65-df8966208503,0,1,0.0001646105811232701
1792d629-847c-d15b-ed98-9a582369f029,0,1,0.00021278182975947857
411f895a-9ced-fc00-b40e-b317f31db169,0,0,0.00011519946565385908
1f1e5b16-9a3e-a8a3-45de-9dc91e30e33b,0,0,0.0001982099056476727
f1590969-0ee1-910e-fbd9-37e8ec12131f,0,1,0.0009052960085682571
20808679-dd15-2055-c475-167019e6d9ff,0,1,0.00015643623191863298
2693a31b-3379-03d9-62ea-ecc07f7e6d96,0,1,0.000130136264488101
a30a4163-e42a-a14d-c849-72ca1b9072a0,0,1,0.00013895549636799842
f4bd9037-ee33-14c2-189f-5bc8ddd83836,0,1,0.0001224057050421834
40829a84-be1e-320e-7784-91fef1408295,0,0,0.11207491904497147
6808dde9-a008-0986-fffa-466d72f1ba0b,0,1,0.014403169974684715
a968402c-550d-36d6-e3a8-71c5526d5a9b,0,0,0.0011091801570728421
846e1110-acd4-d6b9-e24a-5bbe42e11cb0,0,1,0.00011442858522059396
b7b762f2-9413-1991-f4db-dd0eb4a403ff,0,1,0.00015751643513794988
7094685f-c485-ba98-5391-baeb6932212c,0,1,0.00013711895735468715
b85a8dc2-f1f4-9a63-f312-f4166d39a56d,0,0,0.00012862867151852697
0f61eef6-c0c1-81d5-181b-4c7dce9c2519,0,0,0.0006263237446546555
caacab4f-7453-34e7-07be-7ca95ef251da,0,1,0.00012145116488682106
6a485914-7b98-e659-0e44-4dfdfcb9e0a1,0,1,0.00011866750719491392
07774552-688f-f98e-a59a-8eac8cc69e6c,0,0,0.0001010921478155069
f106a425-108a-9f05-cbcd-799e9b239ce4,0,0,0.00011816334881586954
613d9a9c-d37b-1889-f8b5-976d971844f3,0,0,0.00029161598649807274
f31035e4-8da1-d9b4-386e-aff270b8af04,0,0,0.00014018012734595686
7bc0f461-49ba-af17-540e-771d02515fca,0,0,0.00012465217150747776
9d916abb-a305-8520-fe39-c094aa45d515,0,0,0.00011006165732396767
7595436b-c228-4674-90a6-d70582874b11,0,0,0.00013718291302211583
610b2392-2352-a803-f7bf-a6dacee2f319,0,1,0.00012627466639969498
8bf9fdb2-4d3f-0086-b13b-94cee820ec78,0,0,0.00035156813100911677
1dce76c9-8db8-4f64-0cf9-5843379b3866,0,0,0.00010646531154634431
7173dd4c-d7e5-1729-e3b9-0ab95785ffb1,0,1,0.000129916807054542
2c8afd08-c12d-e874-e373-21eb23ac06c2,0,0,0.00020910687453579158
d8d7983c-b220-4597-858d-6d67872e30f9,0,1,0.010576404631137848
b7ddb90d-cadc-c1f0-dfa4-ab6a3ba189a1,0,1,0.00012062180758221075
3590f4a6-6044-27c3-115d-9fd75660939d,0,0,0.0001480151986470446
d5d71b3a-09aa-0e3b-e029-7eff7faefe0b,0,1,0.00019835701095871627
1e642097-af30-682f-09bd-c6a456f0171f,0,0,0.00011944425932597369
7e702202-b1d1-1ffa-68da-19181dc9d092,0,0,0.00033918244298547506
de37a07e-2f10-e89b-7f54-9c057776bd19,0,0,0.0011962645221501589
a21b09b7-e8e6-0c1e-7084-3f8eca95319f,0,1,0.0001266000617761165
14e268f1-3854-4e15-9452-60cf2584d65c,0,1,0.0001260563003597781
bb6fed4b-ac9d-4037-da24-42080be7dc7c,0,0,0.006931486073881388
0640afb6-5034-cb3f-0d48-c6b583696006,0,0,0.0020215599797666073
ba82dbdc-4b0b-a16b-0e9a-b1faf309fe2c,0,1,0.00012133333075325936
191a70ea-59c2-f44f-1038-cfb415413fdf,0,0,0.00011277705198153853
022f68ab-f79a-c5cf-c99f-832ad230b1e3,0,0,0.00019075551244895905
cb5cfeb6-6027-e134-68db-8d01f17d182f,0,1,0.0001202841303893365
35262476-fdb6-0ed0-066a-74fb428b6cba,0,0,0.00011662628094200045
1d682c6d-6353-05aa-50d3-47dc27192037,0,0,0.0005297614261507988
0a5782a1-5d74-145f-854a-c3fd3820e9e1,0,1,0.0001273863308597356
61303950-acbc-1edb-3dc2-270148126d46,0,0,0.0004771827079821378
02fe311d-2b18-c2ca-fb67-1c635c9d87ed,0,0,0.00013081567885819823
3cbedf13-1428-2084-da1e-50986a76b622,0,1,0.00011793517478508875
e166132c-cf22-9fb0-9dc4-3298c5a2b5c3,0,0,0.00012579755275510252
eac14431-3ade-e690-ad61-072806ab679a,0,1,0.00013413258420769125
5d1396c9-b536-52db-fee6-a9251dd93963,0,0,0.0001256253890460357
5c95fb97-293c-1772-36ad-bf1845a24392,0,1,0.00012710568262264132
a5f17b4c-c364-6648-37b9-73f8db3d3939,0,1,0.00012336374493315816
f1de8d46-cec4-4623-4a96-f87b1542c4f8,0,1,0.06706051528453827
1dbb177c-d4f4-019c-d7de-5ed3333a29d3,0,1,0.00012117365258745849
ffdc2b47-cf5d-a44a-960d-4afe8ed7f318,0,1,0.00028479774482548237
cfb7264e-4ce5-235c-e0ad-92eb981048b1,0,1,0.00013159764057490975
581d5c00-fd23-37a4-4160-5cac61ba1b15,0,1,0.00029609454213641584
a4727600-e2dc-6eee-3f40-6dcc700602bf,0,0,0.0060451095923781395
f044b49e-55c6-c3ab-7ec2-3376cbcafef4,0,1,0.00012338328815530986
d97eb9aa-cf43-bd00-b715-263933783e93,0,0,0.00027039897395297885
55a22eec-19c8-76fc-ed8d-bb1d9257b510,0,0,0.0030433929059654474
ab0dd004-7a47-cf6f-2217-eaeda08c8867,0,0,0.004575466737151146
0840f4db-ea66-dc16-b78e-f5799f039ac3,0,1,0.0001246979518327862
be93e0eb-f81f-9bb8-49de-7b34a5a0f352,0,1,0.00011346178507665172
14734111-5968-882a-a028-553cb734bb5d,0,0,0.00012719722872134298
f6712c61-a51a-001f-c60e-3417a8a73851,0,0,0.00020942892297171056
3dbf31d1-12fd-266d-0e31-1156ca3b0548,0,1,0.00011985202581854537
29c062f5-9a4c-3484-ca90-97f074dc7300,0,0,0.00012190391134936363
66a3c0c2-ed32-ab56-07bf-7ce5618ee317,0,0,0.00032264841138385236
75154410-19e7-b605-b8ef-0ea3ba242b21,0,0,0.0011577776167541742
027c52a7-1daf-7699-6e4f-07dd8bcae4f7,0,0,0.00022997810447122902
26cbaa6e-ce4d-78a9-8e78-14475256a4b1,0,0,0.00012584419164340943
13bccc00-6ba2-2e92-1414-47d7cccf010e,0,0,0.00012818175309803337
ff9817c9-2341-5d8e-5c13-0f1b19980274,0,1,0.000465680961497128
ab8c33ca-6627-4355-2a2b-ba98a487c35a,0,0,0.0013254035729914904
dd516e3b-2dc2-f618-e58f-5b0fce6ab4ab,0,1,0.0006465729675255716
9d8543ff-22c7-4ffd-c833-e415df21df83,0,0,0.00011268223897786811
bbed7fb2-a8ae-32b6-2902-242beca5f187,0,0,0.00017439195653423667
3f8b8964-0b8e-4b9c-ce15-3d76696853d1,0,1,0.00012565475481096655
85f076b1-da05-cec9-d0f4-bdaaad16af68,0,0,0.00011750837438739836
99dece9a-5cfe-3b8b-3ff4-64253dd99e1a,0,0,0.00010664210276445374
02230499-b05b-9fed-9dc6-13d5b56c61b9,0,0,0.0012165351072326303
4c47724f-804b-e202-af27-889bea189bbc,0,0,0.0009106354555115104
6dee1768-ea61-1a33-2d68-0ed690f5baac,0,1,0.07433412969112396
60972b3d-112b-7b77-c996-566aa7618c6d,0,1,0.00011502832057885826
bb2beb9c-30aa-7428-3e79-ac1a6d5a9354,0,0,0.00012739519297610968
36016c7e-9953-86ef-e139-1790d2e5505d,0,1,0.00018114047998096794
ee1e7cf9-ddef-87fe-2e20-f930ba285cf7,0,0,0.00011906694271601737
cd651929-ce54-4c7e-6167-587500022392,0,0,0.0002489119360689074
c1792c80-55bf-f1c1-9230-5377bbbd85a6,0,0,0.000117459763714578
91d9067b-a007-5d31-94ea-ba4056c2795c,0,0,0.001399451750330627
66e4e4d8-4bfe-5da7-0dd2-d0978a9d8f3c,0,1,0.00012776380754075944
10edd0b7-137b-8973-9036-e7bacbcaccb7,0,1,0.00013774864783044904
358b3c20-1f89-ba12-f964-456c43f7ed38,0,0,0.0002533546066842973
90c78e69-8e31-0168-edd3-9de4985ef128,0,0,0.00013428048987407237
f66572b3-a211-9104-bffe-b1edddd87e63,0,1,0.00013345308252610266
3442dc90-47bd-57a1-cde9-8b364717c79b,0,0,0.0002720337070059031
d8025f4b-1948-37d2-fc41-732d466d54a2,0,0,0.0001295045658480376
f0b8954c-bade-1174-2384-6df31eb4a5e0,0,0,0.0030072766821831465
8a24ed8f-899b-86c4-7768-ecd05a99633d,0,1,0.00013259904517326504
4c8a7767-8dfe-c366-c522-bf875be6b0dc,0,1,0.0008710756083019078
64d20f50-15f2-3046-b846-9bbc5c10ba34,0,0,0.0017438094364479184
2fba1dcd-5b0b-4897-11d8-95e4784a6016,0,0,0.00011379463830962777
68b76633-6eab-1a7f-139b-34bd805cd868,0,1,0.0033255303278565407
e580b844-eda2-511f-6cda-37e76fcb61f0,0,0,0.0001622153795324266
b7e4b9e7-a648-1f70-08db-743c886f8236,0,1,0.00013542520173359662
fe98aca3-0b25-b676-7d3e-3525af757469,0,0,0.001553202047944069
d227d859-b9c4-2e69-aae4-bf0f156d0c14,0,1,0.00011544764856807888
55792fb1-6d2b-3a28-86d2-6f42cb6b9d34,0,1,0.0009700222290121019
c96fd73f-0d35-0df1-b4df-94a7a578d027,0,1,0.00017940015823114663
f9596b79-b812-d6ef-4d98-8c4bdebcd463,0,0,0.00024322843819390982
16faf56b-8d4f-aa7c-e481-aa377a9a95aa,0,0,0.0012575387954711914
7d87345c-89da-f0fb-6c38-f52ec2f2ee67,0,0,0.00012152623094152659
53037326-9004-c071-0740-fd9f8edcb968,0,0,0.0002534662198740989
e145e970-a2ea-b779-7c03-f81fd85f8558,0,0,0.00012741961108986288
0581621a-c1d1-36a5-48e3-4bb303382a1a,0,1,0.00022955967870075256
608bae60-8d60-1142-85d6-6cb5dea36afc,0,1,0.00034645304549485445
50156b1f-9b8f-c59d-a604-b127e103bb8f,0,1,0.0009248779970221221
2d074915-793d-78f4-3827-7b2d80222356,0,1,0.00011783074296545237
d21bf548-f82a-d35f-597b-1bd59b8b93fb,0,1,0.0001756923011271283
df3fb27c-fd95-1f68-3d65-31a31805ffa7,0,0,0.00014625336916651577
78b2c328-2a49-c0b4-5449-46cc093d8487,0,1,0.0002040828694589436
5d95b15c-3236-0995-19c3-d17cfefa8104,0,0,0.00012362234701868147
350be8c4-e084-9dd0-42ac-982ec299c9c4,0,1,0.0030258868355304003
f56b5d9a-a7e9-0583-82ee-e74138d86944,0,0,0.00015191896818578243
f8f3d4de-39a6-dcd0-9fbf-8cdd54155029,0,0,0.00012440803402569145
2803c265-ca06-95b6-c2a7-becdf34748cc,0,1,0.00011590275971684605
17ca9791-bb7b-fbdc-e7ee-3f4e132afaa7,0,1,0.0005996995605528355
23b4152f-c31c-706c-edd8-518fc93fc708,0,0,0.00011094561341451481
e0c2634c-8a6b-514d-fdb5-1ca44fc60ba6,0,0,0.00014827483391854912
7bd60403-2094-d2c8-80e7-c52b704385c2,0,0,0.00011919645476154983
27eb605c-46e4-a6f9-a5eb-6801ef9ad84f,0,1,0.00013296327961143106
5a5c8c00-660d-2735-42ef-f2b0856ce570,0,0,0.00014191317313816398
b6ba4821-cb5b-f12c-10c8-c471471bc30b,0,1,0.00012008241901639849
08019c1b-7a6b-80b8-c7a7-0b87af4421f2,0,0,0.00010789636144181713
c7377287-1672-0fc0-b168-29c8f3260402,0,0,0.00012049580254824832
7513bfd0-f36e-60da-8f70-9a023a20cd5b,0,0,0.00011041811376344413
b3c0befa-2705-6aa7-e239-a991a5d71e2a,0,1,0.00013046963431406766
11322950-1308-96ac-d118-d2b906c47071,0,1,0.00014026461576577276
d3fa4b06-cf9c-f580-a6c8-3bea4cdd245f,0,0,0.0005054572829976678
13f164e4-1373-a301-e122-642546f01d66,0,0,0.00012404743756633252
d3538168-3172-bb7e-df49-ab2a8f1f96fa,0,1,0.0001235845120390877
091bf3ef-d695-3e1c-dad2-2b061b5a39c9,0,1,0.00011988447658950463
bb547750-dd9f-f7fb-7751-b791094f5a03,0,0,0.00013565989502239972
a0a593a2-7620-16ed-4d3b-7f01207df884,0,1,0.00012530286039691418
a76fa626-176a-5ee9-c9b5-6c4297abcf77,0,1,0.00023145590967033058
7780b2d6-11e1-f180-7935-82240919e2ac,0,1,0.00012598973989952356
fc508998-68d0-9dfd-e4b9-9e17c413175b,0,1,0.00012973631964996457
a321d947-1ba9-1c4f-a969-ab13df9e4ef3,0,1,0.00016829789092298597
3b87da4f-dd68-7ad6-e00e-b49a4c152684,0,1,0.00011663449549814686
40e10234-9cc4-895c-a398-f497220518af,0,0,0.00012324759154580534
01bcabd3-3a94-a1ed-3fb8-5c2eae86a300,0,0,0.0006351648480631411
f4dd4534-4b29-f886-f927-0b3709138924,0,0,0.00011338370677549392
86a59a89-fff1-b1b4-138d-3899a7686758,0,1,0.00012010966020170599
1fcfda24-5625-18f5-6e2a-602cecdfc8a8,0,1,0.0004787938087247312
56658ad9-270f-aac1-0834-aa56db727250,0,1,0.007398838177323341
61ca71a5-6e2c-41e7-e7bf-37ad8510bd13,0,1,0.00011647978681139648
7f089598-47db-4380-d54a-9c19765b3832,0,1,0.00012107640941394493
391c07ae-f1f0-1341-7c53-8aceb9a25741,0,0,0.0010575042106211185
189d7f05-6380-81da-7056-feaff6c697ef,0,0,0.00011541397543624043
fc3943f1-21ef-9a1e-6688-2b0282f78fd3,0,0,0.00011369204003131017
b8b0045c-b42e-f8c6-b1ba-8305850acf5d,0,1,0.00011729902325896546
54d8312b-9a10-e359-056f-12064eac05ba,0,0,0.00011337116302456707
707fa66d-4bcf-b413-df1f-6809948e643b,0,0,0.00014321861090138555
bac50abf-dc28-50e7-f30a-5ea15db80409,0,0,0.00010999335063388571
7cfc2896-2abc-8797-478e-e119f4febb90,0,1,0.00012051787052769214
ab96386d-8fca-05a6-2aac-81f247c0e7d1,0,1,0.00011470126628410071
f4bc6405-9174-0cf6-69ca-c4942fc43ead,0,1,0.00011259179882472381
f965dd92-696b-647c-5e43-26c1396bf038,0,1,0.00014760646445211023
b58e9597-ea5c-ce88-14ad-5aa798a1caec,0,1,0.00011307813110761344
f3dc5dea-5e91-593d-ea5b-322a6a28a6e5,0,0,0.00030835517100058496
aa043f1b-a8bc-01a1-2971-1fb76a7d4054,0,0,0.00011178518616361544
9ff736a0-c435-2684-12f8-d0eb410bc546,0,0,0.00014340337656904012
db14ab14-0ae3-e9cf-d587-0e7916f438e8,0,1,0.00011709429236361757
b9bbfa28-6574-b257-9e0d-8f5b3913532a,0,0,0.0002525421150494367
7fe922a3-5b87-0cef-2bd1-349727367e84,0,1,0.0002680534089449793
80d579cf-3fa0-3657-8e01-cc2f9f654f75,0,1,0.00044037908082827926
9fcff23d-fc79-4755-803a-3391cfc73fc4,0,1,0.0006947715301066637
d51d1af1-f027-e4fd-6def-e9d4a8498053,0,0,0.00013270061754155904
682af382-c7b5-e9cd-83c4-7c9a62aa2ba0,0,1,0.0002934044459834695
a89f826f-2178-a273-86f5-256b8290632c,0,1,0.00012318356311880052
e9e15fb0-7004-f1be-9490-af16ec41f5d2,0,1,0.0008095477242022753
8374d732-9b42-bd4f-cd75-c0c22bcce9bd,0,1,0.47278380393981934
9dc581cb-7ab8-bb32-c40f-3a7426a6bead,0,1,0.00012001613504253328
f21f0a85-ff4c-fbef-496c-195e015af5f2,0,0,0.00010674241639208049
b69e1f61-07ef-cbb0-d5fd-7a5179d6091a,0,1,0.00012171852722531185
46b1e15c-4c7d-7e36-72bf-798861ac1f72,0,1,0.00010873752762563527
6f969ed6-ecb5-9e5f-b73e-018c8a7a199b,0,0,0.00010400484461570159
b6c128e6-8ecc-4efa-72a1-dfb680765225,0,1,0.00012879999121651053
8af2d60a-20b0-5c12-4eef-6641c60324f1,0,0,0.0005135799292474985
6ba495bb-cdca-6d50-89c1-df475ad052bd,0,1,0.0001225390878971666
fc9b6fdf-c572-d32b-7da9-91fe66ea55c3,0,1,0.00011291457485640422
694ec512-3ca8-7785-04f1-f55006843a4f,0,1,0.00012017841072520241
9eb353f7-89d0-2926-a977-3f5ed46d655b,0,0,0.0020793769508600235
82a05585-f71f-4464-a7a0-87a26ba6ef24,0,0,0.045940954238176346
8f673013-a8ff-131c-5547-99a014f6c3d8,0,1,0.00012050822260789573
4dedb1fe-1038-6543-c12a-6a06a7458d35,0,0,0.000163351243827492
a39f95af-7206-e3bb-0dba-4af89fd8de3b,0,0,0.00012185185187263414
ae5387a4-558b-1e66-f2c7-7d3782b45cba,0,1,0.00014822323282714933
c82e8c41-b310-5e27-27c2-cb9425f66d2e,0,0,0.001148873008787632
1214b653-3c06-8737-3c72-62c059386388,0,1,0.00011279641330474988
7768c15d-c767-826d-251f-bf926fcb8ed0,0,1,0.0001262122968910262
c1289ca2-386f-bfe3-1e3a-35e1d51808da,0,0,0.00012584072828758508
ded55c06-6f92-4c27-8f3e-a6e5f9c8ddad,0,0,0.00011944574362132698
3de29d33-15e5-eb62-5d39-ead5423de482,0,0,0.0001238571567228064
1b1aff30-79f2-e1de-5ebf-59869231c40b,0,0,0.00019438026356510818
b92d0ae0-85f3-e723-f611-2350655884f1,0,0,0.0003962696937378496
cf4af909-b607-defa-b2fb-4658384825eb,0,1,0.0001353514671791345
b8edeb2e-55f1-dbab-ede9-73be07bdbffc,0,0,0.0004303510650061071
50654998-0e58-8c0a-12d6-d62d2a18e166,0,0,0.0001782198087312281
00f9d35a-669d-23cc-0378-244b7338bb74,0,1,0.00012622421490959823
7ab0a600-7f1c-495e-7c59-730500849275,0,0,0.00011958010873058811
560ffc6d-7e2b-5bce-df2b-d6187ef9bdda,0,0,0.0002621773164719343
b448a90a-d380-9cae-eb05-2210f002c20c,0,1,0.00011226598871871829
116bed8d-f339-6a58-3648-90624bcc1545,0,1,0.00012923193571623415
dbfed4e0-8859-21ca-6a5b-28bf9f5d096d,0,1,0.00012002872244920582
8d837688-3188-e808-0a0c-efe4bc10e5d3,0,0,0.0005939473048783839
a90487cc-824a-93b1-bcc4-517f69e36da2,0,0,0.00014998206461314112
b949bea6-f5ca-dcaf-4a35-c38572892661,0,1,0.00011211119999643415
61c8fd9e-777f-983e-7c7c-a7474adc9fe9,0,0,0.002204829826951027
4b7dd67b-a8ba-ead6-f0df-50c55db9cb9b,0,0,0.00011989282938884571
b7372776-33f3-5357-ee7f-6e547a9604e3,0,0,0.001272400375455618
2d3c510c-c23a-5965-929f-c5bf38a013f3,0,0,0.00012953630357515067
76dd29b6-d61d-697d-3284-a54cd13b4fdc,0,1,0.00012401764979586005
4c84497f-229a-47fc-eb55-20839d214f95,0,1,0.00012331658217590302
74a7b659-302d-9201-579f-9cd9482f8321,0,0,0.0003274079062975943
c0acbdc5-042e-5a71-9231-4d37a946e81f,0,0,0.00017661541642155498
a72f579b-f38a-5afe-2548-4c8fcb471bec,1,1,0.971410870552063
af64a49c-6aa3-8e33-2377-b397d036f672,0,0,0.02410554513335228
4c23df16-ad3e-5257-e165-e0fc40800456,0,1,0.00012441028957255185
651101f2-ef8d-85c5-1942-861c4ab9ab3f,0,1,0.00011535884550539777
668c1189-0db8-1d02-3161-5b697cb451b9,0,0,0.0010587001452222466
107c5974-2e72-2579-0174-86e9b8b6a326,0,1,0.0012195883318781853
4552e037-1bbe-5a85-5f78-364607a69af5,0,0,0.00024174693680834025
ec5985c0-8b0e-d0e7-ebc9-c86cc0dee4af,0,1,0.00019402048201300204
19657942-4d05-f37d-2624-8b1ff108561c,0,0,0.00012289223377592862
1dba0e76-ebd2-f700-8c82-255fb0eed0c4,0,0,0.00046848191414028406
7d573c2c-d222-c137-4300-c6845d9ec901,0,0,0.00017680514429230243
3dd951e3-f27a-fa21-5ed7-674bc76eda3b,0,0,0.00021678452321793884
c9004f6d-cec6-7cb5-e4b8-1a19e3ae5f19,0,0,0.0005212870892137289
368fd3cd-5fd6-ae9d-7b2c-8e362e2415cd,0,0,0.09952554106712341
527bfec9-f829-4f73-e12a-f4f02de71db0,0,0,0.00034426699858158827
453fc289-34c2-ded9-d82e-43860841b22d,0,1,0.00012723702820949256
c52ec158-3e7a-647c-4e98-62bc16fdfc17,0,1,0.00020328155369497836
4461d0fc-eea7-48f1-294d-6b3f0d8f985d,0,1,0.00018695199105422944
78b061ea-7969-f923-ea0b-0c6bc14aacdd,0,0,0.0003438879793975502
0f368b82-9ccb-f21d-4e8c-8639d8b7ec78,0,0,0.000821626977995038
ef21ac91-15ed-d0a7-59c3-93e88b938dd2,0,1,0.00012665789108723402
a554e32e-ea09-2d25-146b-f43829ab96c9,0,1,0.00013693197979591787
806c71ac-bd54-1fba-c159-5620bc639a51,0,0,0.00015456309483852237
cc5e104c-8968-3dad-c884-980568174edc,0,0,0.005869869142770767
e8ba0551-f68c-1ee8-3e7c-9ff2b4598376,0,0,0.0004882744397036731
1de3d9e8-e34d-fd5b-3e22-ef4be164ffa4,0,0,0.00017083174316212535
ba1107b9-f939-d422-e49f-256ce8f8abd9,0,1,0.0012158157769590616
86bbac9e-6645-f8e6-cf6a-139ff808617a,0,0,0.00011536742385942489
55771fc8-4729-d90f-a3d3-2ee5f2d58993,0,0,0.00042012499761767685
8d394259-4902-96d8-b0f2-c760841699b1,0,0,0.00011455370258772746
19abbb22-df4a-ffb3-94ad-82aa7be40842,0,0,0.00011864330735988915
2d5b74e1-d307-7f1d-0538-c557851fb126,0,0,0.0001233014336321503
628f721f-601c-6b3d-d169-c99cb759f23e,0,0,0.0002141454751836136
c65d3e7d-1577-ddc5-190e-b86130be6fd1,0,1,0.0034248873125761747
c391be08-eee4-da7c-1cd3-695b7ea947fc,0,1,0.00010969294817186892
7e6482fb-b7db-768d-47b5-bf71f157843b,0,1,0.00011432116298237815
eb88c9f4-e75e-17fd-e1c0-b3b0829950e8,0,0,0.00019072422583121806
ad4dc0bb-1847-f276-77a0-adb38004dedf,0,1,0.00020500454411376268
bd19d5a9-9f21-127f-9f44-64099fa8cc8d,0,1,0.00011405189434299245
e0d8dd50-9afa-ba33-181d-b15eb9d481c6,0,1,0.00012737807992380112
49424fe0-7755-67c0-179c-b92e5909f599,0,0,0.00011183017340954393
aa2cf940-c31d-8918-9ed3-f16868dc6940,0,1,0.00011933201312785968
db90410e-4761-5873-69c4-e99d15ab3f0c,0,0,0.00013998283247929066
4a6d8245-b56d-d83a-2f44-8c9b6069cb4e,0,0,0.0009730310412123799
6e8ac9b0-1d26-98b2-b544-9e96569f1382,0,1,0.008114228956401348
d5043568-227a-2a2f-0fbd-726e93fa8725,0,0,0.0013574912445619702
a43a4ea8-a027-3274-779d-55a2de4248b2,0,0,0.00011552496289368719
02909515-e26c-1a62-210c-2281119256a7,0,1,0.0012335493229329586
6dfbe38d-1f54-1082-8636-1b2126813334,0,0,0.00011118549446109682
603cd7d2-8047-ae77-73af-c644c90948f0,0,1,0.007650828454643488
390e7907-781c-8093-5cf2-2afbd1dae924,0,1,0.00013567853602580726
5a36c8c1-456f-b842-ad2c-ed2fbdc6ecd6,0,0,0.00012761392281390727
284a5890-3ce5-6dc8-b253-45b74f563344,0,1,0.00011813326273113489
73d0cc24-287f-e1dd-e28b-823578bf60c6,0,1,0.00012600042100530118
f146275d-5b18-500e-e5db-c06aee598f92,0,1,0.00012338680971879512
c02bc4f3-c4c9-5669-557b-88781a588afc,0,0,0.00013676861999556422
9b0cceb9-17e4-2ca2-5e33-af817db6cea1,0,0,0.0002834363258443773
93de3c33-aa96-9457-3d89-65a322fcfed1,0,0,0.0015249315183609724
585638fd-ae78-ee28-3cc9-a91661124408,0,0,0.00012383116700220853
f167f780-ee58-ab69-fc9c-2b3fd79a13d8,0,0,0.005544918589293957
0c901163-5264-7953-a8db-5009341fd6fb,0,1,0.001569388317875564
1ec8f8b9-6363-fa10-a156-7a5721a9acc4,0,0,0.0006867792108096182
735b0742-c701-7fc1-4b1b-9d5114e3cad8,0,1,0.00012166932719992474
588c32d1-2090-5195-cf03-8ce4e500137b,0,1,0.00012566997611429542
f12ff253-6a06-3d5d-3e3f-26f3def96f6d,0,1,0.00012074286496499553
59f6713c-3cfa-70a3-045f-6524f20c37cd,0,1,0.00012454050011001527
b552be6b-b12e-4e15-7ada-9d216b503146,0,1,0.00011686295329127461
6a3d1d8f-2a63-b46b-cc6a-0048ce100d46,0,1,0.00011768309195758775
9f6fba9a-f3cf-50b6-44f4-3ba362381a32,0,0,0.00013308074267115444
1c4231f9-cf24-fa89-477a-c29bbd89ba89,0,1,0.0003139278560411185
3afdb030-ca69-81ad-5cb1-657c54858db7,0,1,0.00012048051576130092
372a74cb-807d-4c08-ebfb-40b11cd55c4e,0,1,0.00011830504809040576
635d0dcd-2b6e-dd2a-c389-7f0fff78d781,0,1,0.00011855531192850322
a12d12b3-332a-63eb-77e9-f571ef4edeaf,0,1,0.00012888773926533759
370d839a-1995-b505-55dd-717d00a04aa0,0,1,0.00012556348519865423
639ae828-14e1-a196-2fff-2a6ef458a7d1,0,1,0.003751983167603612
d0c6fef5-0400-2081-c5fb-550a45e8f674,0,0,0.00014691910473629832
2f2f3c59-b39a-eb13-b899-a023c6feec01,0,0,0.0010688009206205606
b9493df2-1fbe-f4c5-9bad-406002b70e80,0,0,0.00017528417811263353
9c3b77dc-bb2d-7ba4-0eb9-e5bccc73d01d,0,0,0.0012359010288491845
b94e6336-83f7-499e-cce1-a4e0ecea804c,0,1,0.0001161401960416697
da9633bd-25e5-8bb6-1901-cc7355bb2fda,0,0,0.007058014627546072
e0e422ba-1809-4112-76ac-3b0684639fb7,0,1,0.0002494069922249764
ebb972ce-71fa-d842-b45b-0634f22a01f2,0,0,0.00011960497795371339
76ad417a-91b3-f780-48e8-34b808cebd7d,0,0,0.00011766490206355229
b62ba37c-be18-69b7-13a9-081865a0f543,0,0,0.00020920658425893635
a2152d4a-63b3-5cea-31e5-620681f2e64b,0,0,0.0006400909624062479
6f787e2b-95ee-42d7-8236-c3ea2092c3eb,0,0,0.00016158154176082462
b51f1aef-2aeb-5789-caef-26f59d9749c5,0,0,0.00016693188808858395
10d0f9ee-f50b-5eb5-87b4-2518c53ee6ac,0,0,0.0001379623863613233
e5b0a535-4478-a662-74c3-257eaf4adf97,0,1,0.00016871675325091928
33aaf657-13f2-e973-711b-df2dd77b177c,0,0,0.00013617053627967834
b341584f-c8f7-b1dc-3227-d01176f9e316,0,0,0.00011697220907080919
fa2e2d48-200b-6d2d-c1d1-238763f5eb58,0,1,0.0001651085913181305
86575a1b-d5b6-6d17-3cfa-b791b0727a3a,0,0,0.0005702428752556443
ac489f1b-5c1b-77b7-fac3-16a40cf75976,0,0,0.00014116779493633658
cd057721-b718-458e-d027-9a15f3901886,0,1,0.00015840977721381932
31644178-d80b-efd8-ed48-de41974f4b96,0,0,0.00012240967771504074
0a156e71-0fab-03c6-a8d7-0d5b0c61a8a8,0,0,0.00010772958921734244
68c33a62-63ac-8c94-4d32-d00a4aa8f899,0,1,0.00011338932381477207
94ad4fff-191e-d74e-6fb9-3084fa52fed2,0,1,0.00018319023365620524
ed6bff80-6d81-1bae-471a-93e45c966ac6,0,0,0.00013274718367028981
cd268633-9b00-a74b-604b-a4170119715a,0,1,0.00010823920456459746
d5250645-4a61-1799-e891-c49650899b04,0,1,0.00019933322619181126
be9f7865-543e-4a42-6f6c-c8d947793a63,0,1,0.00015071076632011682
073854bc-6f32-1812-1f1b-a11b19b73820,0,0,0.00011315839947201312
89a66209-f6e2-624d-7bdd-f2f40d42e704,0,0,0.00011413478205213323
f07dda97-23c1-136c-2f29-306aede926f7,0,0,0.0002036318910541013
0201ee15-6376-8223-c4a8-6cd8fd5046ff,0,1,0.0003851921937894076
763be780-9426-f374-e670-6f544f25212d,0,0,0.00012000274000456557
fc17a31e-e0d1-ddee-9fca-967640d5e09d,0,1,0.0003445213078521192
357dfc78-c8b9-94a2-6587-63e48bd8a2cd,0,0,0.00018880015704780817
81b3e210-6ced-20a3-6985-d55c53009ad1,0,1,0.00013821639004163444
69ba43c8-0037-9df8-441a-9b7eb32126e6,0,1,0.00014303287025541067
322d5a37-637f-3828-b6ae-e98c5291aee0,0,1,0.0001321737508988008
74c0d531-472e-df77-d74c-5b48d5a0f424,0,0,0.00017917194054462016
d2dc5535-5657-6e80-f2f4-4c761697e0e0,0,1,0.00018687304691411555
57d7c3d6-793e-fa33-7a6a-05366c2024b6,0,0,0.0001125905109802261
1c056ea7-ce7d-11ee-2cc7-15ffdc321b95,0,0,0.0006774878711439669
dda5198b-e8da-f349-ac3a-17215b785b4a,0,0,0.0001805431820685044
d42ab4b4-4c1b-eccd-cbf8-762ffc12b6cd,0,1,0.00012464207247830927
a3e0b1da-ad96-f5de-c62c-055ee17f4b6a,0,0,0.00037702335976064205
05a2c0d5-e719-127d-516a-e9dfb0b35bc3,0,1,0.0007288348861038685
b76d781c-c352-7e04-ddaa-29938dcd662b,0,1,0.00012457043339964002
8f259012-e942-c816-3cee-2f21e4b7cae5,0,0,0.0001278580166399479
24dd26c7-3708-a5e8-a4f9-548cd8e7a287,0,1,0.00013058997865300626
05489c43-fb52-cb0a-d879-c73d5233beb5,0,0,0.0006795669323764741
4b85766a-5322-0114-adda-3fa44a02e507,0,0,0.025094730779528618
727a01d4-f91b-6d41-2bde-0b671db962f8,0,0,0.0001117212523240596
f7b7b673-1a20-d904-0978-3845e0f9ff78,0,0,0.00011552793876035139
6b3ff197-46f3-8779-40dd-2ed26dc1c324,0,0,0.0002159452997148037
d0008900-1662-b00e-53b0-af2d133b20f9,0,0,0.0006610353011637926
d55b7b21-d6f4-e053-2b59-484f8faf891e,0,0,0.00030692238942719996
0383656b-aff5-2f57-788b-0bd3a5d8d801,0,1,0.0011513392673805356
562dacd1-5ae7-a5fc-afee-8a29436076a8,0,1,0.00011696172441588715
aa61a1e5-83cb-b00d-84f3-a4d01a713998,0,0,0.0008057380910031497
7cb6fd88-d5c6-fc5b-47ba-6b01dbba6e0d,0,0,0.0001450666895834729
2c4c6b1b-5400-b836-5b24-74cfa154b9b2,0,0,0.00020648054487537593
a4d29150-6e3c-cca9-a40b-e403b033bf5a,0,0,0.0005595959373749793
b06b931d-ba7d-cd36-8edd-8715dde220ce,0,0,0.00013395848509389907
b0c0a5cd-de91-fbec-b4c3-1f061debf606,0,0,0.000350682734278962
9d5c1aa8-ce20-79c6-5be0-7c48fc7a5830,0,1,0.0021570073440670967
e236fc00-67b3-1f0f-17f3-0920cdc9fd51,0,1,0.00022043434728402644
f6986ab2-19f2-709b-2594-d5abd7645735,0,0,0.00011156464461237192
c2133230-e1bc-1cfe-579a-fb4b518d6c22,0,1,0.0007258675177581608
abc28e93-632d-1b46-75f6-641204dc431f,0,0,0.0006040972657501698
ceaab645-28d5-a20a-4439-bbe4a08eb0f4,0,0,0.0015336236683651805
69e16a0f-128e-85d4-b0eb-26b5f802e236,0,0,0.00013212587509769946
9021d01d-a2f4-014b-002f-794db77e66c5,0,0,0.0005213120020925999
7ec6df4b-8111-c436-22ba-0af972250128,0,1,0.00010992016177624464
bd09b50b-a2c8-43be-0971-ba06155181c9,0,0,0.0001272731606150046
e41436d2-1d2b-adcd-48bd-759bc4d17b7a,0,1,0.00012179562327219173
c42adcee-8ce9-eaaf-5ddf-f1ed149b91a7,0,0,0.00011137024557683617
6b004880-dceb-fdc0-788d-c00d89f29993,0,1,0.00012732099276036024
c9b0f901-1751-1114-0105-8c64b1111ac9,0,0,0.00013571734598372132
8a78d932-fcab-5ce9-214e-9be4f1250e08,0,1,0.0011303030187264085
4c57433b-cc35-55db-8b2c-9d092ad92762,0,0,0.0001651044876780361
db180747-6de5-87fc-0a94-3fbd3ecc7dac,0,0,0.00022299497504718602
7edf637c-ddaa-42d3-8a5e-29614ee829d2,0,0,0.00020990830671507865
b1fc7f90-6f2e-5042-ddbd-8e48f6fae675,0,1,0.0001379439781885594
4732ddf9-25e0-1860-8dfd-5117b58c90a2,0,1,0.00013637558731716126
00503552-eda0-c68a-025e-95b35fcbf0b8,0,0,0.00012399636034388095
400bd4a7-48bf-818d-cd1f-c9faef89cd3f,0,1,0.00035158474929630756
cd41bf15-69a9-fa41-a465-d64da8028ea0,0,1,0.00012254598550498486
3d7d29ef-1fef-9291-2e07-d0b3777a01b8,0,1,0.0001401376212015748
04061716-15fd-5098-f012-486d0ac96a85,0,0,0.0001333937980234623
587a6f95-b82a-600a-10bc-cbd8618c719e,0,0,0.0003245759871788323
51e6e7b2-5832-e7b2-0df6-a3634861ecae,0,0,0.00011001936218235642
4ea09d1f-50fa-afa5-32e0-7f28ed3abbd9,0,0,0.0001148761875811033
2dbc5f40-f169-6157-2202-2a8ef3cc6500,0,1,0.00011562756117200479
7727011e-8d06-236a-db56-f450b4f1fb70,0,0,0.00012483059254009277
d85ca4d9-fca6-3d05-4577-683efa8dab3b,0,1,0.0001280000142287463
262092d3-18a8-f26e-b48b-282f311bd5d5,0,0,0.00045889982720836997
f281daff-6a28-bd35-90ed-880a323ae8ef,0,1,0.0004757647402584553
464f7ede-3aac-c410-3541-8dc1f5193986,0,0,0.000247922376729548
a46f6eb0-8ca9-9db6-060f-4637671bbdb9,0,0,0.00022307195467874408
bb777086-2eae-365a-5a9f-50b2fdf463e1,0,1,0.0006833473453298211
9103739d-9e7d-8988-6edb-915f2640a2bb,0,1,0.00016565134865231812
c97df64a-2e60-75f7-e99b-3a784870c668,0,0,0.00010698258847696707
1e68f795-c386-6cc1-c750-a03359bfb193,0,0,0.00014093334903009236
d7c584c1-8a7a-eee6-aeed-4645dd81e7f3,0,1,0.00012581469491124153
ad3bb124-5b63-f8ea-4cad-611b47fe989d,0,1,0.00013204524293541908
c7b3bfa3-af76-6641-0ed6-9fffcc9e7a39,0,0,0.0005184477777220309
86e80e0d-abdd-4fda-725f-043b2e277a50,0,0,0.00012049534416291863
6f9a868c-72b7-c2a8-6212-7e3cba3ab84c,0,1,0.034880369901657104
23da7efd-fae0-8f33-46fe-b41ebca4226f,0,1,0.00012379905092529953
f638d8fb-0527-4103-c38c-ac1ed661c3f7,0,0,0.0022754818201065063
ec2f77cb-c9d9-54f8-003b-9ffd68b944db,0,1,0.00013121310621500015
7bd8d0fa-dd3b-617e-7615-c8a23004180b,0,1,0.0001139448067988269
964c1f51-7cfd-b448-87e3-37d280feb209,0,1,0.00034733122447505593
9dbc0e9f-bee9-d3e0-3cd4-366f9a26b53c,0,1,0.00022239916143007576
bb0d0dda-0fe8-ac8b-a03e-ac9d19f4bae0,0,0,0.0002747806429397315
634f0851-faec-6737-94a7-1bd8636ad2c4,0,1,0.00012302720278967172
e0e6e7cf-3c24-0477-daf6-3934ea274fbb,0,0,0.00011055749200750142
8d9987a6-8c2b-fbb7-5c17-3cd4a34261f0,0,1,0.0001348997320747003
c5c8101d-ed04-ab6b-bac0-42f644f0613e,0,1,0.00014228090003598481
9ede93b4-2685-f747-7ec3-8f4a960a6521,0,0,0.00010925304377451539
b8b46d54-13f3-bf93-f5c5-d08497748591,0,1,0.0001471720461267978
18da9535-c6e3-b696-edae-1c11ef953585,0,1,0.00011929492757190019
03d0f737-f10a-de54-0f77-63d696ba8719,0,1,0.00011505081783980131
82a3efc2-ce45-cccc-eff6-deccd0e3b81e,0,1,0.00023089694150257856
5366d754-88ca-2bcd-7344-5dde64588962,0,0,0.00010352919343858957
0e60e1f4-404f-bfa3-4a57-06b3abdc552e,0,1,0.00010455584560986608
bda356a1-2038-714c-49fa-05230a1d5296,0,1,0.0025324022863060236
b6e3d7a9-ed52-89e0-b1f8-75cbbfcb6ad0,0,1,0.00012293420149944723
2a1bf879-3de1-352e-de8a-f716d64319d6,0,0,0.04395445063710213
e91c23f2-e3ae-9fec-7751-11b62da3128c,0,0,0.000340101687470451
fcfd94cd-6deb-8d5f-2a93-ed415e3a3856,0,1,0.00012482987949624658
bcc47cf6-84fe-c557-b793-2be64596e8aa,0,0,0.0003979923785664141
b632c0c3-fbd6-65d4-c40d-cf3900557d94,0,0,0.01190985832363367
ee6a61c6-d998-b2b5-3402-eb70e0d44b56,0,0,0.00014340899360831827
287dc52c-1ca4-5f78-fc86-5054bdd9e4c7,0,1,0.00028366802143864334
81e69cbe-e697-f5bf-5f1b-4413cfc39f7c,0,0,0.00040325758163817227
6017ec70-6fdf-a51c-8e82-8158d3239436,0,0,0.00021416772506199777
35170f25-9cfe-6aeb-130b-c81a2a1f4eec,0,1,0.00016920168127398938
6af0f741-8b4d-ed00-c7b8-23993f9d1ed6,0,0,0.00046429180656559765
96f36c17-6500-813c-20e3-2b916dc1e7cc,0,1,0.00012019778660032898
821974c7-3ca0-2987-4017-b77260dbeeb4,0,1,0.00041964786942116916
11f9a2a5-6052-1e38-e75b-ce83b17420cd,0,1,0.0020368436817079782
40ff0eb3-566e-2d66-1c2e-ee523b64c24c,0,1,0.003984829876571894
ef964e80-3eea-8b50-aa66-7e6891ede137,0,1,0.0001339909213129431
48f0103e-d1f9-1f07-80aa-80565e5506ed,0,1,0.00016537486226297915
21c3b706-b618-c673-ab7a-66687e729145,0,0,0.00014190450019668788
42d7c78c-bedd-510d-8768-6647adc07564,0,0,0.00012275742483325303
838fb3b4-a956-638f-1d0f-c1dd10ddbace,0,0,0.0001083475217455998
fdb7b2c8-7b59-dc01-356d-36ee2f0be8aa,0,0,0.00011969807383138686
0f4785e5-296c-c3e2-26d3-e753445a8736,0,0,0.0001210624395753257
e842e956-2441-5c1d-d2cf-3f531c98f51e,0,0,0.0006051043746992946
4fffb62c-1ff1-1745-e66c-49284763554e,0,0,0.00011761834321077913
592946f2-acf8-1979-ee09-159467719b87,0,0,0.00371636264026165
880e2e6d-a3af-aa39-8133-e1b373314428,0,1,0.0009915473638102412
899a9db0-a415-4b74-de12-7eb1e92e45c9,0,1,0.0008754889131523669
272db605-8c35-cf4c-514f-6393d7cc0e16,0,0,0.00012753995542880148
03a3afdd-fdee-3d6f-02ad-a1b80960e7d0,0,1,0.00011925669969059527
c7886731-a9ba-05bc-52eb-be3690048856,0,1,0.001181284082122147
fb06f97e-6479-2f15-e4aa-78c02f0e467f,0,1,0.0019077956676483154
5764d146-4f99-2e62-95d3-4d90be991f42,0,0,0.03230708837509155
a3351c01-04c2-d142-9294-d7c030d533d9,0,0,0.00011994830128969625
ad5a2df3-a8a9-81a9-8074-f91f4e66245a,0,0,0.00018313054169993848
627c1038-9d66-9c5e-c885-f6183a83ddd5,0,1,0.00041262892773374915
2a18bd8e-61d8-bd83-9a58-657e3281d9a9,0,0,0.0002389774308539927
dfd2977c-13d2-1b2d-d2ac-38bb0a1066b5,0,0,0.00024959444999694824
a95d4103-9688-701d-4510-9b31d4fe87de,0,0,0.004439649637788534
f4cd9f7d-dfdd-2c18-65db-9428cf3a1a81,0,1,0.00012460298603400588
8e9b1e78-01ee-b46e-4ad8-134d7f5fb49e,0,0,0.00012119064922444522
3e7b3d51-1a6e-8ae2-2c8a-c3fe141e2655,0,1,0.0002274706494063139
7a372019-cad7-ba5a-44ee-1e81c44bd834,0,1,0.0001133210098487325
fce03538-bc3f-b66b-cf01-c350173df6aa,0,1,0.0001164164932561107
fccdfb6d-5854-11ce-feb3-720ba23d7026,0,1,0.00012077602877980098
0d0c5610-8ffd-a4e1-67bd-01c55c6742e2,0,0,0.005939165595918894
64a1eca9-bed0-3b9c-5b5c-990855b8ae95,0,0,0.0001231364585692063
e3cf270c-a5df-4349-a0b3-9cb1671614d2,0,1,0.00018627388635650277
33aaa8ce-9c6c-0bae-7408-3acdf7cab066,0,0,0.0003423515008762479
d232e491-ab0e-e527-07eb-aab7aa42a501,0,0,0.0003928534279111773
bde49ed5-0f1e-dc70-063e-932a0dbb96cf,0,0,0.00025832615210674703
c6dbc9e6-f9b0-42f2-4975-194ec1702327,0,0,0.00011906080908374861
591a1175-fc42-0136-e90d-c65cfec6cd3f,0,1,0.00011671037646010518
f95a783d-c3b7-ae6b-db09-1c454cc86430,0,0,0.00018802082922775298
ee86c1fb-8131-7f86-7a0a-7c79d4bd03c4,0,1,0.0013834303244948387
d90350a2-55e0-e971-97bb-33c264dc6198,0,1,0.0003284126578364521
43a0a6f3-26d3-192c-63c2-9f55a63b1bbf,0,1,0.00033784974948503077
15918b80-cbdd-9fa9-55a5-436d77664e2a,0,1,0.00012000411516055465
8d1eacb4-1463-93cf-089e-85fe89410a5b,0,1,0.0001623702992219478
44ad7c99-5c58-92f8-5c12-cb1f81bd45be,0,1,0.00011688834638334811
63d57dfb-605c-0714-9335-f2078c418b68,0,1,0.00013238590327091515
084c7ec0-67e4-33e4-7318-f380a81fd00a,0,1,0.00012001876893918961
f16e1905-faf2-682c-b7bc-1ad559989d88,0,1,0.0001436843886040151
b42e3c98-61f8-3261-1cfb-5f7d58830bc9,0,0,0.0005274010472930968
c2b17d74-ba67-49e6-e0fc-9a0111de15a8,0,0,0.00015333853662014008
f8347bde-2b3a-509e-10bb-0a6437b939c9,0,1,0.00011782646470237523
e1278b4f-92b2-7599-f119-9a283dd2bd93,0,0,0.00012293373583815992
87455e99-dbae-7fde-1a93-d49691376fab,0,1,0.0015113918343558908
06401f92-43b7-551a-35fb-1fb987847448,0,0,0.0004188058082945645
116c98ee-0b96-c3e7-601e-70b97c6d0af4,0,1,0.00012643466470763087
d97a58f8-0608-1afd-cbf7-2bd09eb6da6c,0,0,0.00034146723919548094
7895504a-8cce-9839-6a07-207b59184b81,0,0,0.00013180372479837388
84cf3105-fee3-1adc-0705-edea1784a8f9,0,1,0.0012402880238369107
d74cbcad-4e2b-71a8-bcb7-df31f49db67e,0,0,0.005505967419594526
36ce31ae-031b-993e-ef2b-1d415ea01fdd,0,1,0.3565659821033478
03133dc4-9994-6334-2174-ae10a3a4c7c4,0,0,0.00011723282659659162
968b9290-15a3-35af-549a-15aa84ad12a7,0,1,0.00018226733664050698
3aad36a8-dd54-a80a-27df-a8ced62eae65,0,0,0.00012785910803359002
cd41bbda-b972-90f3-33f9-5fdd59a7a227,0,1,0.00012766748841386288
943bbffb-80d4-e97a-8fd2-d2c291a173e8,0,0,0.00012604754010681063
4a819555-c8b3-cc29-ca10-5a1a96d14351,0,0,0.00012328990851528943
0eae0d29-b0d1-c78a-28e1-467f287041a9,0,1,0.00012503730249591172
ecb95ef8-4fc5-eee9-4d45-bf07d8906688,0,0,0.00011044275015592575
23ff63d7-ad25-e5aa-0c26-c7a3f73b61f6,0,0,0.011135919950902462
590f73b1-196c-5dc4-a1fd-c44c85b456f8,0,1,0.002139735734090209
d6e06ae6-4113-3f48-1a06-0c702364a261,0,0,0.0017775926971808076
b2fd586d-7585-cecc-ab80-4f00c71de53e,0,1,0.00046847472549416125
59bbe7f9-5604-a2a5-ec50-97029f1d41fa,0,1,0.0008081432897597551
0fed8d60-4ba4-378d-821a-7172c8e33058,0,1,0.46273836493492126
6f15a3ce-6b2c-ad77-e7fa-1890d2cfae66,0,0,0.00010759315046016127
496ab019-f967-bd32-8e00-e42a81b11a94,0,0,0.00011939711112063378
e6a6dc3f-fdbe-201d-711f-0567ea677675,0,1,0.000124728525406681
d4fa171c-bdcd-e50d-2e11-148437ac12f2,0,0,0.00031687525915913284
219063ab-e6a3-549f-5790-e7bee4f52778,0,0,0.0003807868342846632
198bac83-0ef9-12cd-ae69-da70677fb7d8,0,0,0.042493414133787155
e57d3ed4-7de1-bfb0-1e64-0dba1daa98cc,0,1,0.0002469885512255132
73a8027e-579f-1288-1f84-8f72b59eba26,0,1,0.00011342662764945999
dc960cb6-703a-7210-4998-1de221da2cf2,0,0,0.00011488559539429843
e6fe03da-6b11-7e70-4a8e-a5a425eb095c,0,1,0.00012984240311197937
a1ead010-8f5c-a560-07b0-f4ab8968e5f2,0,1,0.00017952969938050956
b465b2a6-8f38-f9e2-a02a-88913800bc69,0,1,0.00033055932726711035
63a13995-2290-e190-c544-612596c1bb75,0,1,0.0001720848522381857
c5e0d842-40c0-cd09-4425-af0be3201178,0,1,0.00011893826012965292
1b50c2a4-d40a-c468-825f-2842e05224ab,0,1,0.0001320431038038805
8572a29a-c18c-d0fc-c0ab-794f911a5f5b,0,0,0.00011904526763828471
9a528f0e-15f5-6584-442b-cee8f081f7ea,0,0,0.00170717085711658
3c1e8ffc-1413-04d1-8036-806540b20635,0,1,0.00011577076656976715
fb858fc4-cb3d-a934-fb14-0dc7d4df9ae3,0,0,0.0006593183497898281
2fe9189a-ce81-732e-75dd-87edd90e06ca,0,1,0.00012333669292274863
1784b209-802d-8a78-bd0f-46dae9eb1151,0,1,0.00012784825230482966
6e57a442-8bf2-fa96-f655-73c39c808b1a,0,1,0.00012059971777489409
d40275f7-9d9e-965c-c9c5-56ef2f6ab0aa,0,0,0.0005391138838604093
6ab9f34a-0c4e-1089-6f75-bfe1b2d3258d,0,0,0.000152718392200768
c98df862-218d-2a9f-ebb0-b0dda7e8a70f,0,1,0.00011651777458610013
d190b443-5ae8-e01c-83e7-1f7b59b8349b,0,1,0.00011864285625051707
5cca6df5-15c8-eee5-db3b-c04251935076,0,1,0.00012442203296814114
8c66b6a3-e13d-1365-5323-7eebdae3b1e9,0,1,0.00010984324762830511
9541d737-3979-39f4-8e8e-299d05a604b6,0,0,0.00010926439426839352
268e5821-99c4-c132-a5ed-4901cbdb2d57,0,0,0.00016064995725173503
6329627e-917e-b346-06c9-324f62e8b380,0,0,0.000611531431786716
f223b8a2-d6aa-0917-1c39-67680fc0d4b9,0,1,0.00012861935829278082
1d733a24-56f2-1d52-325a-2bd602f481bc,0,1,0.00012315760250203311
f2487ac6-33a4-ec9f-95a5-52457cb9d281,0,0,0.0001944983669091016
470fa506-eb12-4e4d-f1c3-2f881e478f3a,0,0,0.0074208565056324005
476f5b96-af0e-d3bb-920e-2681423ab8bc,0,0,0.0010940019274130464
070866a4-ef4f-65da-4460-54a43517bd3b,0,0,0.008637070655822754
7f450d35-5cfc-c827-3323-534e3187e4c7,0,0,0.00016141893866006285
ed335a72-b94b-0a50-ea2b-b7427c77d650,0,1,0.06470523774623871
ea958a8e-f577-74dd-620f-a18d923fe058,0,1,0.0001324338954873383
e7c15be0-f8c7-fe76-c0da-464db4d609a0,0,1,0.0023690296802669764
7fd03bbc-beae-ab4d-7771-219b9060b43d,0,1,0.00036398929660208523
737e2f50-3cde-5bf8-461e-a4845467203a,0,1,0.00012773858907166868
5b63904f-b55e-46e7-ee4b-689bdad897b3,0,1,0.008237586356699467
9524dc99-4a47-cd9e-f5cf-316cc1b5d783,0,0,0.004730642773211002
c26ba893-0e80-5fb1-9663-faebc1868dd5,0,1,0.00012131736730225384
ea0c9421-7359-c2d2-01d8-1ecaa805c932,0,1,0.0009498323197476566
1a9a4d43-44bf-a560-0164-24cb16843d25,0,0,0.0031442914623767138
3cf90760-3e74-bf00-6578-9e099e1ab78c,0,1,0.0001154659257736057
0c277d62-6185-f5ec-a70a-d3a3780d0910,0,0,0.00010505023237783462
17f78480-e394-c9b3-0c15-ac6f0a4cfd58,0,1,0.00012766676081810147
41bf6070-d1a1-8e78-e35f-4a3e2925b8dc,0,1,0.00011529374023666605
645fd660-c2f9-c93c-ee64-63ca8a53321a,0,0,0.0001475503231631592
95eb52ed-cf31-9b5c-c6b6-0487b07105b7,0,0,0.0002282614732393995
9ee752e2-c5fa-a3a0-cbea-f3abd31deeb4,0,1,0.000124889294966124
4b1f9525-6269-57e1-fb7c-854852a5b65b,0,1,0.20580913126468658
335c8369-0155-c5c6-92b5-fee951edfeb5,0,1,0.0005146386683918536
906e8d5b-f20a-88e4-cda9-c86a5f6381c5,0,1,0.00011519781401148066
04e3b956-5cc8-3972-12ad-a709ae4cff02,0,0,0.00021511629165615886
62440214-192e-d0e7-4a3e-d7cc9106b08f,0,1,0.0002535133680794388
236a0f8e-d6cf-5489-48ab-3508a2ea1bf1,0,0,0.00013881536142434925
e92f5234-c67b-63dd-22cd-d726a1d41a02,0,0,0.00026074593188241124
251533b2-a8e2-aba6-0178-eec4f9b22e3c,0,0,0.00020826241234317422
87dc8039-1a72-021d-9487-02e1a92cbe67,0,0,0.001183275249786675
07833666-c05d-b0f3-defe-c2627ebe02c4,0,0,0.00037674795021303
0d84a5c4-6a7f-4234-a673-2a0b95167b25,0,0,0.00011431211169110611
73464a67-947d-efc0-9e06-93edc2799d5a,0,1,0.0001268488704226911
31a43d4b-cb73-1b73-7fc4-8065e8f999ba,0,0,0.0005508929607458413
3034f080-9080-282b-ec5a-32ebaba0639f,0,0,0.0002615828125271946
7ade4e8b-32c4-f4b2-ea65-c620b1d435ab,0,0,0.04328404739499092
e689cdb8-8811-66b4-3cab-f3bd3d9ad090,0,1,0.0011625462211668491
273816c0-8753-31f9-58bc-40c0f4d11f23,0,1,0.0008438967051915824
28e82f3b-807a-c3bc-2915-e3438a13a111,0,1,0.00013160881644580513
da4d07fa-938c-3369-120e-e1ba19c37f5e,0,1,0.00012504574260674417
8349c6d0-c3b2-619d-2206-b6f96c2133ed,0,0,0.00011346200335538015
5d3ff82e-d8b8-2c3f-2299-ac8384f6d670,0,0,0.00012286410492379218
84109309-d731-f55e-93fe-a9daf4c467f4,0,1,0.00012569177488330752
643ca9a6-fa82-c09b-b005-da76af295870,0,0,0.004679725505411625
01f7781a-fb92-dab9-7857-af47b757f6d8,0,1,0.00012587889796122909
5b099c40-4c10-c766-ea97-111ec9a32966,0,1,0.00012527919898275286
1e68ec4b-8b90-230b-5887-635bf3e4c577,0,0,0.0001275550457648933
9a3f6621-213f-d2ac-88fb-f2979a19de64,0,0,0.0002548149204812944
77b76262-f56b-cf0b-6c06-5e26c4b40eb4,0,1,0.00012066437193425372
efe49d68-ff97-ec01-aaf9-ce7bc4e8d287,0,0,0.00018384659779258072
24c37c67-db52-1ebf-9caf-86bd726a2b8b,0,1,0.00013613754708785564
c5ca907c-c1d1-dff3-1f19-4a65a9a76dfb,0,1,0.0004647333116736263
519e38f3-92d4-edbc-6fda-51e96515f7ee,0,0,0.00013111354201100767
f3a99141-8abf-58d3-2b70-e4d6b53b0274,0,1,0.00013438759197015315
06667416-1fc3-d10f-f48c-7ae501b76e5c,0,0,0.00012097000580979511
493decda-426f-8b51-9715-da3143fc4ceb,0,0,0.00014941836707293987
50fa1383-47bf-5eb2-a2bb-580337cc21e6,0,0,0.008154196664690971
b50db411-7115-52ee-dd3b-17a004b04000,0,0,0.0001674198138061911
6923edaf-c8fe-4ba8-e623-04238f720bbe,0,0,0.00018790917238220572
daa58dc4-6d11-ab71-c16b-f1cfda77ca25,0,0,0.00012937485007569194
576dd49e-79c7-0099-b2d0-3685bb3e1a50,0,1,0.00011756766616599634
2ebc744d-4af1-5a7c-e3e8-457e3a0ce819,0,1,0.00017809477867558599
c4d96266-a6d4-391b-ece0-9378eac27425,0,0,0.0006322332774288952
742f266f-5fa3-ff46-1a35-9593d84577e1,0,0,0.0024067205376923084
b5f8df2e-0f63-dc86-8c03-56fa2ce35194,0,1,0.00012735306518152356
33d793b9-4765-0de7-ae14-0d1a1c72b2d9,0,0,0.0001382621267111972
33110c11-213c-a33b-15f0-0a895fcfb3e5,0,1,0.00013559911167249084
fbab7b38-c043-f098-c333-c3ee020f49a5,0,0,0.00013084799866192043
0f152f39-0f82-c071-f0fc-f81e271b950e,0,0,0.00011006050044670701
94783fde-a058-c341-62e7-6722771eea31,0,0,0.00012946764763910323
27fd3229-d6c0-46fb-a7c5-95c7442d4db7,0,1,0.00011955228546867147
ef88dd2c-eaa8-da2b-a1a3-328790ee7b3b,0,0,0.00047887139953672886
f6d6a964-bff4-f6a6-70a6-add3eefac18a,0,0,0.0003073349071200937
004092ee-f4ac-d0d5-0d1b-a2d5a04b04e2,0,1,0.0001595000212546438
80a06e49-432f-2bea-e47b-f1f2f6b750e2,0,0,0.00012473778042476624
58526b3e-58e1-6690-2a08-8a094e76ba9e,0,0,0.00013393165136221796
6e432e9e-51ab-6e6e-6881-f20c4f3a7dbe,0,1,0.0001338611909886822
2b2ebfbe-7ff1-394a-4b13-c37c8cbefe72,0,1,0.00011851982708321884
8f3d0449-5b8d-7ab1-5086-9fcd6d8ed124,0,0,0.0028427084907889366
508260a2-1e81-bd10-c52c-9adb9a5f947e,0,0,0.00035641566500999033
ed7c4094-fa10-78af-f3c9-690d28da09aa,0,1,0.0007433903519995511
d5395816-7fed-1b0a-aa77-a7a0c504efb0,0,1,0.00011430339509388432
417e3f51-1f3e-510f-b5a4-262da17165a7,0,0,0.00011537677346495911
06840bf4-5f73-ca8a-a7b3-728e6fc3085e,0,0,0.00021405360894277692
f0046a00-a415-0ea7-03a6-4b27ba763d0c,0,0,0.00023378559853881598
45b61af4-498d-7a5c-8212-d160b66db531,0,1,0.0001155571299022995
0a57b556-33b5-4747-cbd3-728a912d3c2c,0,1,0.00077353126835078
49837154-944b-ef3b-da0f-df6f87036641,0,1,0.0017372353468090296
72f2c642-7a82-d314-9bfb-08dd78a9b8e5,0,0,0.0001172744159703143
40a02c2a-b6ed-e07c-3691-9b32234c52ba,0,1,0.00011639651347650215
defe3d66-65e9-fbf8-d23f-589e383d8e7e,0,1,0.00012983409396838397
8c5e3b2e-89a4-b40e-fe9e-0bd62831af53,0,0,0.012689258903265
bed6ade3-78c7-fc02-1825-407b3ed26de5,0,0,0.00022848512162454426
708e5c3b-57a9-f4a3-d185-fb7c03111c72,0,0,0.0019333628006279469
4e280870-93e6-b0b1-9599-1aaf492ecf90,0,0,0.00013518160267267376
bf911b71-5a5a-8b45-9904-4ab11e19ca3e,0,1,0.00011775537132052705
598fb377-714d-2029-60ba-e1e0a0a8d7d1,0,0,0.0001419632462784648
f2db8a66-4fd8-fc95-c8f8-425b0844d105,0,0,0.00011894982890225947
6e775b66-1fd7-9299-43b8-f583bf2ecaaa,0,1,0.0001646130986046046
e7ce8833-5cce-26e7-a680-949610cafd29,0,1,0.00012126949150115252
678032cf-e885-aedf-b3e7-f2117720560a,0,0,0.0001745065674185753
11713353-8b24-5df6-de19-0619f06fffa4,0,1,0.00011625386832747608
b99c7a80-cb90-e009-50d8-77f0e734b1b1,0,1,0.00012367231829557568
23c5ad92-1ef1-5b0f-02e6-ebbadc9a56e3,0,0,0.00012422761938069016
0dffd493-d371-a840-9ab2-8ffbdc86e65b,0,1,0.00013082180521450937
568a5632-d96a-2e28-e50b-882ff3cc647f,0,0,0.00019163127581123263
dbf5b114-3acc-8b19-1455-bfbe484fde66,0,1,0.00011571105278562754
a8c5c185-815e-9089-d252-9307dc1ebd84,0,1,0.00024088022473733872
383013c1-daa7-2dbd-ff3c-cf3ee8bc077d,0,1,0.0001264671009266749
6e7ae847-df6c-d9e3-ea94-15bee526fe22,0,1,0.00025532732252031565
4a257f23-2940-1728-36e0-40909a29551d,0,0,0.00010253561777062714
f531fc4d-4cbe-8053-d5f9-53f279c26c4a,0,0,0.00010625598224578425
1f2fba5d-8370-e254-183d-ccfb0a919ca5,0,0,0.00014787257532589138
f2d49f09-ef2d-ec57-bccb-17a33060d4d4,0,1,0.00017611360817681998
aebeb2d0-13dc-c2de-e18d-d7f809161d13,0,1,0.00012007371697109193
e1be9429-9e27-c7a1-7bcf-9328461100da,0,1,0.000140377800562419
6826b9f6-d9bf-40d2-11e7-e8f80c722a28,0,0,0.0001268271153094247
b3d10276-81cc-4f34-5838-74bce19bcc33,0,0,0.000140274380100891
d16df7c0-75a8-4efb-e06b-12f1ba1acbd0,0,0,0.0003396347747184336
f24c8019-688b-452b-3287-d1f2958dafb1,0,0,0.00010116890916833654
dadc002c-99ab-436c-97a6-29125000b4e2,0,0,0.00011841047671623528
d886ccc3-fdc1-d3dd-09e0-a0fa80333fa9,0,1,0.00014938162348698825
b34eb7c8-6018-7a65-8b2e-8a9852dbb73b,0,1,0.00011633914982667193
187dfd28-024a-ac53-089f-c4247e43af99,0,1,0.00012646034883800894
2a4b7803-f23a-9d4a-b559-1071670bdb88,0,1,0.00011278974852757528
82767bed-6ceb-5760-7c7c-a0c86655700e,0,0,0.0001224187872139737
073e2d17-ec22-13c6-650a-659408ca9082,0,1,0.00012540732859633863
a59cb105-e905-f5ab-63c8-4af07d3f40e0,0,1,0.0003205949324183166
1c9065bf-4b32-40e5-56bb-f66c274d4e8f,0,1,0.00011251860996708274
1bc0450d-51ae-0560-0dd6-ce1a9911d102,0,1,0.00013169919839128852
e48a94ba-974e-9a42-8c84-5eb8a39a192a,0,1,0.00027638761093840003
206821cb-31af-3e8f-3fe5-50a7d9d35786,0,0,0.00015131050895433873
7a29bc6e-c4c0-b825-0f56-5258d4c7f8bb,0,1,0.00011776907922467217
6ffd1f0d-e58f-d6ff-18b2-ab6200ee0f45,0,0,0.000179114198544994
f0a6331a-d8ba-d18a-80f2-fdd6b1c09057,0,0,0.00038756371941417456
97adc1f3-5bbb-6952-c622-6217053751d0,0,1,0.000117613970360253
0f63619a-289c-f076-9fbf-59aa05778534,0,1,0.00013077691255602986
0668d80d-597a-8e0a-cc58-e9aa5a1d1108,0,1,0.00019997265189886093
f3556fe8-d275-6cd9-8fd9-a2944d096b58,0,0,0.00010345863847760484
bfbec644-3c76-cab9-a9c8-952ea0415c31,0,0,0.00012464694736991078
5c03e418-37aa-1221-d94d-1513a358e795,0,0,0.00011573478695936501
d7c2bfdc-be91-ea33-ce91-0b985927e06e,0,1,0.00017997169925365597
dcc1900d-a637-2088-1997-49585cc2d7a5,0,1,0.00012031818914692849
d3914be0-52f6-31fb-d941-2a69680522ff,0,1,0.00011787468247348443
7c578594-c7cf-1298-a51d-e06fd9c1be63,0,1,0.0007852045237086713
94c8f93f-65eb-3134-ea29-d612cd1248d3,0,0,0.00011749504483304918
494f7119-65a2-13e8-5012-52a5ac865893,0,0,0.00020529638277366757
b48c5e62-26a3-26dd-ffb6-04f4bf4f8435,0,1,0.0001183447748189792
968b6690-bb1d-5c44-3dfa-30a879d22560,0,1,0.00012415097444318235
83b545a3-4d7e-8f21-5833-14a066f86716,0,0,0.000583886110689491
d36696d6-b740-5971-14ca-e73c91cb0d5a,0,0,0.0001181476836791262
e5ceef21-6c81-aa83-8ca3-69cc7b93635f,0,0,0.00016374238475691527
86079a47-eff7-8271-413c-4a979c553797,0,1,0.03221435844898224
e0fb180e-82bc-7855-72b3-d656605c921e,0,1,0.00012235739268362522
8894c919-82dd-3461-4e92-86919a4e3cb5,0,1,0.00013079287600703537
d63ace59-1292-6df5-7d35-d82e0d9148c7,0,1,0.00014292080595623702
a45241e5-5f80-baf2-1e90-68d7d5cb65a9,0,0,0.0016755746910348535
c4f5648c-b417-6ab2-87bf-22b3c6c4ff45,0,0,0.003299084259197116
20cc252b-d972-52fd-269e-93cad2c6f178,0,0,0.0001193877833429724
f230946f-368a-3851-b778-2e1bb9c75744,0,1,0.010151376947760582
9eb739c0-1344-b6b3-7669-7df05e8ee95e,0,1,0.00012244658137205988
68d3c2b5-d1a1-5c2b-ac57-d422d759ae6c,0,0,0.0007028563413769007
553e1151-f20e-31ed-ccdb-52efcd279466,0,0,0.00015268927381839603
1fc0f960-9903-33c3-d3ef-8de842e1fa78,0,0,0.00011231172538828105
bcf11e41-def1-c858-67f3-39769db4f89b,0,1,0.00021418181131593883
5141ab93-55d4-ac81-09bc-26357641f028,0,0,0.0003847923071589321
8bf84255-8002-9742-28d4-48704fe27bc4,0,0,0.0008644582121632993
f1cac2c2-da51-a15b-d665-75adeca49fc9,0,0,0.0003200912906322628
e495c25e-068e-f97f-8553-e47e256e69d9,0,0,0.0008695140713825822
8578a8bb-7c80-64e0-f2f4-80499c7c3192,0,0,0.00015816451923456043
6488454a-c81b-9926-0c8b-cc7b6a4c4717,0,0,0.00011678329610731453
52344f03-2f37-3743-8f96-c1c78d8640fb,0,0,0.00013084200327284634
5bee8df5-34b9-aeec-2561-dd0f7071c356,0,0,0.00011447116412455216
c4c8f5ae-0c4e-a392-98b7-6f3d9709cb99,0,1,0.0035301970783621073
70cca96e-1419-750d-ae73-757823ce27a2,0,1,0.00011226010974496603
3721b473-19c1-9869-1187-1563955510db,0,0,0.00012274584150873125
67cb9470-cc08-bf43-1b8e-12cd4a0f421d,0,0,0.00011396981426514685
955b27e2-f548-0346-ad17-1fd8c2ec680d,0,0,0.00010747657506726682
bc4d28f9-c5d5-7e82-2b5e-c02199e14873,0,1,0.00011598037963267416
8d412669-0e1e-f82c-197c-9e740d991707,0,1,0.00012336799409240484
180f3806-a9eb-717b-ffd9-6b22484d59e8,0,0,0.0008312350255437195
a9499893-5af5-1e87-5bf5-964671ad9049,0,1,0.00015400744450744241
992f454b-eae6-6b0a-e4ba-98d78e118953,0,1,0.00012147781671956182
2162fc8b-b543-ea4d-df86-50724002073e,0,0,0.0004230928607285023
9d276b15-6008-981d-4877-a119a801e2da,0,1,0.00012500665616244078
b4c0dded-d022-645d-8c59-1ab4492923b0,0,1,0.0001222343707922846
3be6ca8b-14c0-ffa8-d418-1a1d6ebccc5b,0,0,0.0003540051111485809
71dbdde2-223d-1fda-3de6-8a5512b43100,0,1,0.00012535412679426372
d602e825-a1a3-2e8e-1044-c7f68d325508,0,1,0.00013057269097771496
8847b2d2-a049-35d5-158e-18011dac13e5,0,0,0.0008414956973865628
eb0b9c6b-a81d-52ff-253f-8bcbb5f020cc,0,1,0.0002864113776013255
c9e7da48-8de2-a09f-a99a-8f7e99347e33,0,0,0.003797117155045271
c9ff0636-0116-3471-1a95-39dacc9d49bb,0,1,0.00028898450545966625
492a7712-0713-83ab-4d07-4fc5ea4959c6,0,1,0.0007933552842587233
4272e219-ac5e-8549-31f6-60bb4417fe75,0,0,0.00030172066180966794
2d5ae4d1-bf46-c0c3-06ba-6b6b568700f1,0,0,0.00016625423450022936
41a5aea6-1411-5534-4a9e-6add390e39a2,0,1,0.0001327211211901158
8475ad90-a80e-4518-6595-67b71ca4c9ab,0,1,0.00012894230894744396
02298d39-d318-6758-4dad-04281bb0ba42,0,0,0.0007045670645311475
7891b749-456d-be99-43d3-5d1081433b4b,0,0,0.00012113080447306857
d26a6567-91db-af74-8aa8-bdcd854f1454,0,1,0.00011950395128224045
7cd4b932-ebfa-e828-567b-c8e60280d5cb,0,0,0.001313194166868925
418862f7-b311-8754-28f6-633d0b0232d8,0,0,0.00590653158724308
24208ec9-ff2a-d4fa-c196-b46956c322f5,0,1,0.00011779984924942255
585d0039-1126-061f-8ca9-acd6063a2f04,0,1,0.00012523237091954798
086d8bb3-9ecf-9298-ffc1-7044a271cd4b,0,1,0.0001199649996124208
8fbc4dd4-8bdf-a405-f43c-17134837c567,0,0,0.0003814749652519822
679eceb2-185a-2f10-4464-8c5128ac81ec,0,0,0.00013185740681365132
e5fc820c-2e12-a52e-dd09-0e8baaae9fdc,0,0,0.0005586729384958744
33bd7acf-968d-6226-f161-cc8ccb4ff872,0,0,0.00037332161446101964
0c524503-2ee2-3254-c5ae-b9fa53966d9f,0,0,0.0671265572309494
3d74cdeb-5d56-bae3-ef84-1d77e4097ad1,0,0,0.0004369581292849034
3847b36d-9b44-9755-cf8b-e5b1701abf5d,0,0,0.008718783035874367
46b50a10-ce66-2e73-add6-515cbab2cd9b,0,0,0.0002850906166713685
0acf18d5-bc51-3f84-7f73-12fc911b543e,0,0,0.00016738679551053792
bf0c7ab3-01dd-6649-47ae-8f5d27f46259,0,0,0.00012563618656713516
4622271f-c190-f99f-f97a-5dcdae005789,0,1,0.00013018677418585867
8ddd977d-bbbc-0c79-dd18-183b1a4440ef,0,0,0.00013141481031198055
fcb4b4e0-35fc-774a-445d-f6bd91f34686,0,1,0.010251137427985668
c302adb3-e6d7-b126-3b2f-9111ef280493,0,0,0.0001315542176598683
00d0717e-68d2-0f8b-b1e8-680cb0a60448,0,0,0.00011301820632070303
757b30fd-80f4-8547-aac9-dbed736c3e4f,0,0,0.00017364378436468542
34c50469-333c-4ac4-c4b0-893d92495815,0,0,0.00012270864681340754
e6426b92-54f3-0e6d-9b1d-defa1ec5a67e,0,1,0.00012526784848887473
17f0e25c-93d5-c250-e9a3-81ca253f049c,0,1,0.00011873633047798648
88ec0cd3-f863-307a-5014-43d1e471a665,0,1,0.00035210326313972473
cb162ea0-2dd9-3373-b0ee-38375edc02e8,0,0,0.0003729708550963551
43257581-9937-a91b-b72d-a70870c6ad3c,0,1,0.00013813613622915
fca73b6e-b440-0063-3701-b65931b8d2f6,0,1,0.00013412618136499077
792e7d19-bc86-97f8-3ba7-ac3b6b224d23,0,0,0.00017740632756613195
cb97751d-5fbf-5b54-05a5-ba11a3063120,0,1,0.00011526021989993751
abb213f6-b79f-5861-cf90-89fcca48f613,0,0,0.00013717454567085952
4dadf92a-7fec-9268-c2b8-4a6bbb443255,0,0,0.00027895389939658344
92174644-0f47-575f-6eba-77f00a8ddea8,0,0,0.0005829616566188633
a1918d24-ab94-5a66-0232-0c60cce8a92f,0,0,0.0013300685677677393
b028fe31-4bea-32fb-554e-7e727f5cedbb,0,1,0.00017234758706763387
c9da604e-f6c1-1212-68a3-cb958fc4d51d,0,0,0.0009420185233466327
532488c0-9a11-3425-9c9b-e99c1405b912,0,0,0.00010602945258142427
d4475eb6-701f-f580-3567-da68ae4dba72,0,1,0.00011541332060005516
1f6b9ea3-3960-94f5-982c-9c74db4e4a20,0,0,0.00016818912990856916
3237d791-97b3-1f18-f8ae-0bd80fabb988,0,1,0.00011566914326976985
582704d3-5604-57f2-221b-26ddaec27185,0,0,0.00010664738510968164
e49dfda4-8214-b81a-2452-d30156bed435,0,0,0.0005154651589691639
bf1fe2f7-51bf-5f5e-4bd4-0ea3da98aa8a,0,1,0.0001335617998847738
c8af2413-0da4-d730-4669-f7f0751bc727,0,1,0.00012931022502016276
ac6d897c-5534-11b9-ea79-4009ad902e26,0,1,0.00012561485345941037
6d3f4089-bf6c-55e4-b7d5-290082d0035c,0,0,0.00011208191426703706
fc29ba5e-a70d-a81d-ae4c-bfea820a963d,0,0,0.0004540388472378254
03d19751-7657-5cc3-2377-fcb94f0b438e,0,1,0.00012115343997720629
897f2844-8e19-cc0f-6d6b-f99157b5f0af,0,0,0.007569074165076017
fb0eb18b-0e9a-47aa-d9bb-657d6c20bf91,0,1,0.057119838893413544
3ed6575c-a2ab-dfd4-69aa-5b3543db4ae3,0,0,0.0002532867365516722
43cd92b9-a5a7-6a7a-db3c-64e92b403233,0,1,0.000134685862576589
a1cfe59a-9fe7-8b75-9b28-155dba2162f6,0,1,0.000766138022299856
b3499578-8d26-0a8e-b26c-72b1836aedda,0,0,0.0005280927289277315
d1fa897a-e505-9895-b2cc-1bed4cd1befd,0,0,0.0030029008630663157
69439937-8288-45a1-b2d2-e7ac08ad72db,0,0,0.00013643215061165392
24f44580-af0d-d8e6-9f7c-fc036e896f38,0,0,0.00014527529128827155
585613ab-b9af-1ca1-8a72-c91d8324064b,0,1,0.00038159554242156446
9f2f5aa5-4eb4-6907-db8d-bb755429ae8c,0,1,0.0001522837410448119
b9b1cc0f-b87d-aa66-439a-98e8f84243e3,0,1,0.00013166277494747192
895b9a94-030d-f9bb-c06d-5b21039fb2a7,0,1,0.000133062363602221
503760f3-75b3-f8b8-eac0-6977b19cf6bc,0,0,0.00021746435959357768
a6a2ba1f-6180-4950-d6ab-326893be2969,0,1,0.00013138086069375277
d2303208-6481-fb16-73cc-0d62312e3ba1,0,1,0.0001408813550369814
e1506c95-9489-5f3b-21a6-c5e0b613c8c1,0,0,0.00011838608770631254
b0d6f7b3-19ab-15a7-888d-e5945edfa8ec,0,0,0.00015709587023593485
ae2d6d83-7d07-745c-5d65-7f7373230379,0,1,0.00023238419089466333
72bf6c89-16e9-314e-892b-b96e8af14975,0,1,0.00012416057870723307
eb51bada-1961-6ad1-d221-1ceb2817a773,0,0,0.0002661292674019933
862bb2b4-19be-7c30-60d7-849b4c4bea75,0,1,0.00015657364565413445
b0b1081a-87e0-5342-f11d-9d141d37d2cf,0,1,0.0001252054062206298
30be2d4e-6d60-62ab-5ee8-f99b449f6ef9,0,1,0.0020468048751354218
e59bdcae-df15-4e7f-b951-5fc53b7e772a,0,0,0.00013529302668757737
0309a9ec-2048-efd2-c14c-5b3aa6e678fb,0,1,0.00011835582699859515
4d603760-d1c8-93e8-fee1-498a6f2fdc71,0,0,0.00010878938337555155
69650593-d902-4dc6-b3ab-7fdf0defef74,0,1,0.00014186689804773778
c1deddd6-e1dc-04fb-d575-953d2b40bb28,0,1,0.00011392634769435972
bf81faa8-45fe-2aed-d751-185b04e23aa3,0,1,0.00012527847138699144
2d94f615-7f13-9a64-c6ac-3e2d3b1f3a88,0,1,0.00011555669334484264
b1304752-e418-c3a2-f1dd-f307eb39be9e,0,0,0.00014961184933781624
6d65ddc7-1c8d-ba5b-498a-6d66cd65d541,0,1,0.00026894963230006397
b6cc91c0-17af-60a9-b71b-5b797ee2482e,0,0,0.00013347981439437717
4dd4677e-5510-42e0-4a99-f770f36171c8,0,0,0.00011052535410271958
fe7c9c57-47b3-f465-e138-3734fad9d57b,0,1,0.00012100612366339192
dd8ea16e-594c-ba98-e15b-882e6a4cb8b3,0,0,0.00012605545634869486
e7dc90be-36fe-5c54-8fef-672a1de7613e,0,0,0.0001392741105519235
572e960e-ea12-84a3-b3ad-d3e438ce0beb,0,1,0.00011930584150832146
5cf40508-5e79-11db-0498-89246cc4ffab,0,0,0.0004196526715531945
632d001e-5570-41a4-a96d-1132e9f9372a,0,1,0.00013240787666290998
6a0177f6-301a-1a0d-d042-f92674652937,0,1,0.00011800333595601842
281f51cd-c6b9-db51-f988-bdbc347bf914,0,0,0.00024608170497231185
fc0fda1b-0d03-694a-c3d8-513c6f649794,0,0,0.0002825403062161058
e25854e6-9416-1f17-563f-fceaff0e114f,0,0,0.00025554015883244574
03c025c1-94b1-f09e-ad74-0941e4439581,0,1,0.0002661655598785728
8b0c542e-06d0-7056-a2ee-74a96df6ec73,0,1,0.00014016595378052443
4cbadc3d-bfe8-72ea-aae7-e85fb52fd9f8,0,0,0.0005659690359607339
3031d631-21c5-ae88-c643-439f85cbf61b,0,1,0.00012911763042211533
2c5f3bd6-409b-6aab-1ee1-81d528ac1c75,0,1,0.00012117977894376963
f32c9f1d-430b-e6c8-00c8-06bcdd09afb7,0,0,0.0017794413724914193
4fe79973-ff4b-45b9-0ef4-76b0c1766675,0,1,0.00011482711852295324
299723ac-ea98-2d17-0497-aaca1138ac40,0,0,0.00018132732657250017
8b0d92c7-6e43-10b8-a49d-f45f76eaeab6,0,1,0.000158081908011809
d2425434-53a3-8ef9-8491-a191ab8b5b6e,0,1,0.0001204981017508544
a352b6ef-ea1a-93cf-7aad-843223091812,0,1,0.002208384685218334
0dfd4f7a-2782-d633-4ffa-358158eef3d6,0,1,0.00012366054579615593
61bb1205-f8b4-2a14-6797-248aa0e2397c,0,1,0.00012880589929409325
1e2c3a99-dd0d-7e29-94fa-277e6febc2a8,0,1,0.00012283412797842175
92685fdf-1a0d-c742-85e0-56240dcbae38,0,1,0.00011446166899986565
e3cdac50-8139-f8d6-de66-0fe1c14fab8d,0,1,0.00012048960343236104
131be53a-c962-31fe-f201-78c318026b89,0,0,0.0007104844553396106
e4fee7b8-9997-0a3f-e85c-02cebce48a8d,0,1,0.00011327542597427964
bcee0fe4-7372-1793-550b-4a73408f697d,0,0,0.00011172252561664209
cd36768a-0fc0-8b35-1873-6484138dd77b,0,0,0.00021672624279744923
8b8eb1b9-72bb-a054-d896-36344c23441d,0,1,0.00012293433246668428
c72883a6-ed7b-06e6-42a3-fef28b0356cd,0,0,0.00015107520448509604
6ef04382-e253-30c4-7445-e92333f5f5fc,0,1,0.6880395412445068
bb726522-6e5c-532f-7990-c13ea57e056b,0,0,0.00015045762120280415
d7602fa0-c732-7f40-47c7-09ab2f0db3ca,0,0,0.0010152627946808934
06fe0f8f-e43d-93c9-2638-a75a818c976f,0,0,0.000268277624854818
08f24f7c-4f8a-677a-e790-ad59f4e4ec6c,0,1,0.0001115845370804891
78b220bc-a917-7352-d3d6-1f312ade5815,0,1,0.0001203942738357
abab687d-f5c7-70d3-86dd-6b91db2dc145,0,0,0.0003981290210504085
0a64fde7-c23a-d81b-9714-3b33e6f49b74,0,1,0.00013044524530414492
a1f5588a-dc69-1355-2cce-cf55bb4dc104,0,1,0.00011637631541816518
ae1f48e7-5d44-197d-401a-c4d495a757f8,0,1,0.0001332946412730962
b724d941-c89d-46cf-2f3e-8d5935cabb96,0,0,0.0001251228095497936
1d8b52ed-86d9-5e4f-95cb-71a20db3c936,0,1,0.00012818016693927348
1ccb4a6c-8f88-d939-187f-74962c11cbe7,0,1,0.00012173084542155266
67fa0cd8-45d8-f67f-1274-2c993d33ffd8,0,0,0.00011352532601449639
51f7ab83-d35b-3a5a-2f10-3fd85d85c108,0,1,0.00014511622430291027
e873624a-dd12-eb54-4a68-567deb6114b9,0,1,0.00013298344856593758
6051266a-709e-61eb-12b6-6819d047f13b,0,0,0.00016341109585482627
1c103f2b-dc0d-e387-201c-fa6b9e1166f3,0,0,0.0015007363399490714
cac3a8c7-d942-1b43-9a11-f4ec83e2a226,0,0,0.000186204444617033
bba9c548-dfc6-d693-8a3a-02694e395254,0,1,0.00012889561185147613
314c72de-1a0f-32f0-7bd8-a6e12dde3096,0,0,0.00018777218065224588
a9cf637b-4cea-38c6-4819-b9598c192f86,0,1,0.0008651999523863196
f762ea65-ec55-be86-a6e5-bd29a0a2b303,0,1,0.00012711089220829308
7a7fd161-8ce8-9d95-caa6-2a911ae03fb8,0,1,0.00011168758646817878
5a632521-2dc9-311b-8a4b-ebf83fc1c500,0,0,0.00012145893560955301
26bcf60f-ec90-2b91-b0c3-50d2afb4ca42,0,1,0.008431203663349152
1e82131b-f238-2edc-ea67-0108f151a065,0,1,0.00012350523320492357
4ad9b6ab-b298-049f-5801-7b37bcffd996,0,1,0.00018573898705653846
16741da1-2a3c-a617-7044-5da5d84c64d2,0,0,0.00023014679027255625
3e024cc5-0045-662f-76fa-59db9dfe5ef9,0,0,0.0001280261349165812
07f1d1db-9023-acd6-0f36-86fa030a4d30,0,1,0.00011294020077912137
b0390ed6-19f0-50b1-9736-d9097d781b14,0,0,0.0019035057630389929
08bd160b-0d9f-a96b-07c0-2faa519e4c79,0,1,0.00011019837256753817
cb160a31-a449-c731-b154-03b2affc9ab8,0,0,0.000294052209937945
4b77df8c-4384-c2d1-ee31-700f636c71ca,0,1,0.00013853874406777322
3afe08ea-f7f4-e854-57de-7ce758158783,0,1,0.00011901721882168204
dbb4780d-4487-5cbc-e579-0a6c64b73603,0,0,0.0003530164831317961
4b63e899-8161-61b9-487e-b25dbe3ce8b6,0,0,0.00015010152128525078
2cfd60a2-7990-6b95-6ea7-595b2a691a53,0,1,0.00011902369442395866
2b3d4cbb-2a72-1d4d-7aaa-22f61d53775a,0,0,0.0002731976273935288
b14c1f67-fe9f-55cd-101e-534a0f100cfa,0,1,0.00011482350237201899
86eb09e5-cecb-e91a-9b00-a667e543c7f5,0,1,0.00011539064144017175
2cb60b5b-e62b-af56-6c89-7128f68b406f,0,1,0.00011525076115503907
8c13dcad-b4d9-6bc7-91ec-7c7ac7a38e6d,0,0,0.0001241618738276884
68ad9120-b586-a5e8-2a2b-fa0ae44f4d2d,0,0,0.0005968718905933201
5894a2f4-e47a-7143-d789-acf064a13d9b,0,0,0.00019866628281306475
e5e8f5c4-fdb7-c511-1fc1-34c632c43e49,0,1,0.00018373252532910556
1af66c1e-8773-64e4-e923-27562acbd172,0,1,0.0002431760512990877
be26e0a7-f162-1d6e-c4cc-14b6898260db,0,0,0.00011914133210666478
9b41c6f3-8a17-cc0b-bde6-9272636176b8,0,1,0.00011596643162192777
862fa9e7-9445-d4a3-194f-a27aa1717a9c,0,0,0.00015219692431855947
d61536bc-499c-716e-42d6-31482bdeb1ca,0,0,0.0005785225657746196
69cd4af6-85d0-812c-5261-759457ede28f,0,1,0.00013208806922193617
806bac08-60e8-6869-4394-e12c6c548d05,0,1,0.003028172068297863
e88a1482-55ba-22c7-df22-b50ccb8fea78,0,0,0.00012427500041667372
9361f2c4-2714-f675-f7e0-aa01ff72b4b1,0,1,0.0001604393037268892
db650b24-573f-38ce-754f-50a54b976bfc,0,1,0.00011715281289070845
667ddd3c-1100-914e-0ede-b8c25fee2e9a,0,0,0.0008231017854996026
9aa0ffde-6647-c855-6b58-0bc6cd975474,0,0,0.00010665928857633844
10797112-03db-dfb7-3cb4-09b6e1b21826,0,1,0.00012986885849386454
2a21add3-2c6b-0ea9-a44d-62f984182de5,0,0,0.04515344277024269
b1d99df4-d30b-720b-1fbf-02ed02862219,0,1,0.00013516303442884237
c89ac268-70c1-dc21-12bf-dfad1a480088,0,0,0.00012303436233196408
9d42a1d1-3f30-4185-968c-43d36c71884b,0,1,0.00014426289999391884
c188577c-319c-aae3-4672-18811b896ba4,0,0,0.000658815202768892
38aa7adb-8e13-9e34-f3ba-dfd19c9e6809,0,1,0.00021227564138825983
20be0fc3-8b66-34ee-afa4-de0326856927,0,1,0.00017151740030385554
dce5a5a9-b4f7-ed6b-4ccc-10c30f018b54,0,0,0.00010887427924899384
cba66083-7908-52fe-be88-a632dd1b2788,0,0,0.00012186254025436938
233b8b60-230c-9cd5-361e-bba4c5ae9dcf,0,0,0.00010594758350634947
4a538b7b-dc3c-a88a-d644-c82abccf1e65,0,1,0.00012257251364644617
a282198f-485d-7064-8ee4-ed6c70ed75bf,0,0,0.00013234603102318943
299c584a-3e74-2c7b-2c40-6dca7b9eb023,0,0,0.00015155163418967277
4a55d463-081f-1aaa-1bb0-e97ee813bf7f,0,1,0.00013546031550504267
ac48764f-3241-f0c1-2bcd-899299160f0f,0,0,0.0006919578299857676
01186036-53c8-be6c-3d3d-b5cbae2a8d90,0,0,0.00014994632510934025
96263be2-7c63-41e1-2d95-6adb419da623,0,0,0.00021601944172289222
276a31dc-ff3f-98dc-4d44-2a5ff1b14905,0,1,0.00011717259621946141
a5e53c2b-874d-d2e6-99c3-370478f792d6,0,0,0.003874812973663211
b37a6af8-12fa-90d9-8b41-7595fdc73201,0,0,0.00020131911151111126
34d4f444-766a-8be1-621e-92eda0fc9b3f,0,1,0.0001316449634032324
ffc4fa06-9fb3-85c8-7efb-924754c27232,0,0,0.00022189083392731845
c0f240de-1d29-1235-0c77-b7e86c518c8e,0,1,0.0001457865146221593
49a55ebe-e929-23f4-bfcd-2568e4ae98c1,0,0,0.00011522988643264398
c51773aa-40a7-f8e1-dacd-862302772db5,0,0,0.000142353936098516
38860599-b3f9-5d8f-5920-94ea2df49d23,0,1,0.00012020110443700105
d2938634-3dd8-e9e0-c9fb-b19a62ac9254,0,1,0.0009307571453973651
14d2fd6b-39cc-ab61-e5d4-82e3320f804b,0,1,0.00011572959192562848
f7f1bea8-e239-40c6-e1cc-1eb263cba39a,0,1,0.0001334144180873409
f4fa8d4c-d203-a58d-4fab-d7e2a1fd43d4,0,1,0.00011544280278030783
d6a5dcab-dca0-e8e9-d3f2-b64d543bd31c,0,1,0.0001391188270645216
2a87ed05-8aeb-5963-690a-6d59542ac5a9,0,1,0.0007727679912932217
997b9707-fb3a-888f-6cd1-9f574dd8b375,0,1,0.0001680216082604602
09626eb8-9bef-849e-8016-8141ac934d16,0,0,0.00013977834896650165
6512c6e7-9e47-917d-1642-af777ff6c6f1,0,1,0.00013012843555770814
584bee8d-b209-3466-6a02-629d7f5376f0,0,0,0.00019970283028669655
34969965-5f03-f605-ad3d-42c3791cfcb9,0,1,0.00011515794176375493
49560b6e-37cd-08a3-d4fd-c1f8c1140878,0,0,0.0003460169828031212
255f9fb1-a863-a841-0929-ac9d3df16474,0,0,0.00020756539015565068
a0f36a8b-29cd-3a3f-c0aa-2c871e8a7c50,0,0,0.00472946185618639
2e5c7308-3d3e-eced-a9f3-b9cdd1d1199e,0,0,0.0001615148357814178
50191549-0c44-caea-5a53-6b408377c5c9,0,0,0.0002115401584887877
3e2fdb03-fba5-7d96-db8e-7e6e9175829d,0,1,0.09214317798614502
399d8ef1-7cd0-b944-2ac4-890ea5756dba,0,0,0.00012576575682032853
0cbe7b13-e0b2-40f8-2f15-ad4ddfaf69f1,0,1,0.00012082440662197769
3245ca70-e636-19a9-f8b8-885a2abc2e7d,0,1,0.00013383156328927726
3c4d81c0-3661-1a9c-8d8c-e1f112e4774c,0,1,0.0002502714341972023
fd19006f-a084-3371-c508-12b39e83a73a,0,1,0.00011820639338111505
53da5264-407f-3161-48df-f8fb2908ad88,0,1,0.00013837686856277287
9195bb76-153a-8126-2e2f-01ed8dcac241,0,1,0.00011733035353245214
84aa05ba-bae4-b0f5-775d-a3efc11ca716,0,1,0.00012467513442970812
391f439e-e4d0-392b-2fe7-a427d7a74c42,0,1,0.006795561872422695
eb14cfa1-c1a2-b60f-1630-c08e75182e9f,0,0,0.008001033216714859
8b7f7d82-d86a-4d53-696a-eeaadba83a5b,0,1,0.00012276422057766467
5dee6ac7-f13f-2115-bc7d-e8ca19eca5bd,0,1,0.00014126149471849203
ad965db4-c78d-064d-d836-acca5244f2b8,0,1,0.00011266892397543415
6ce71799-c694-2881-e04e-d2b9191344c2,0,1,0.00013115130423102528
56c03841-dcc2-5d05-9907-fe27ea31abd9,0,1,0.00012001624418189749
06158e8e-464e-8d61-4c3d-a64adbcdc293,0,1,0.00011808055569417775
7674b822-c480-22b0-fc3a-6529f84b6100,0,1,0.00015907925262581557
caa06fa3-f2ef-1dcd-b853-81e1accb3e17,0,1,0.00011554986122064292
e5296ced-4641-b0cf-95bc-c9f096f7fce4,0,0,0.00012241318472661078
bf9e3e67-2e0c-6c02-ddaa-e35a2b80a59f,0,1,0.005038579925894737
072df84a-db90-79ed-d3ab-eeafb88bbc55,0,1,0.00011368445120751858
e92b5255-e625-c0e9-0384-ce658d2b248e,0,1,0.0011483737034723163
3a1f73d4-3ca0-b404-1abc-ba7e338edc6b,0,1,0.0001202022613142617
71b8e677-d974-f347-caad-d6fe844c6060,0,0,0.00014364464732352644
86dfa016-64d8-bc36-933f-f49da18c633a,0,0,0.0004726120678242296
93ba5427-df29-33f0-0899-62b0bb6fb0a8,0,1,0.00012611280544660985
102d71bd-84ca-3613-5c31-15a5f3398047,0,1,0.00011779760097851977
3dd2bc60-5ce4-163a-8827-eb54b8704be7,0,0,0.00013209841563366354
a5f81ae2-bc54-f0d1-d7c3-b8c70f1d1ab7,0,1,0.00028088848921470344
17232da4-8364-0bcd-5af3-b6318420ad2a,0,1,0.00012819861876778305
1dca5b3c-2ac4-baec-02fd-c19b95f484fd,0,0,0.00016100142966024578
13341dd5-d3fb-645e-d1bb-b61ae7f8c854,0,0,0.0002479651302564889
b7a1c3bb-5fef-da8b-82ea-3b6e95487f4c,0,0,0.00017151021165773273
3b33a807-d0e0-ce44-7553-8282de0bdbcf,0,1,0.00012247951235622168
3a58f4a1-cd36-c0af-d7c3-cfca98c38091,0,1,0.00011709061072906479
6d1fa1d2-a8dc-1e7f-c3e8-3e025d0726c0,0,1,0.0003774003707803786
9fecf82d-6726-c952-3a21-73e63b837dc1,0,1,0.010404611937701702
3334b7a3-615f-959f-80a6-bb23f1925660,0,1,0.00012567357043735683
1b95cd83-3747-ff8f-7185-09362c4c621a,0,1,0.00011750165140256286
67953199-0d77-bc0c-18e0-7c25919f4145,0,1,0.00012209260603412986
a7215bb6-8cad-4c3f-69f5-176b3c8ed4c7,0,1,0.00013428227975964546
2bdc04c8-099b-27bb-b1d4-2b7158484c1c,0,1,0.02344522625207901
ee46d8e1-13cc-4d3a-294b-9cd82be9db62,0,1,0.022933585569262505
881627eb-d9fe-4064-5a07-d0058e005553,0,1,0.0003540758043527603
4e35646e-8ad7-9c46-750b-291756bb1df0,0,1,0.00012673957098741084
33e48744-4ae9-c342-70b7-d830c187775d,0,1,0.0001935463515110314
c6c3fe7a-b1c4-6695-db97-4b6411b72fac,0,1,0.00012795801740139723
f30b5365-55a7-af40-f7ac-42e2285d3898,0,1,0.00012411133502610028
6ac6374e-545f-a41a-db42-6e67783b4e3b,0,0,0.001572656910866499
9321c739-3d64-1124-e115-ac25fde06ffd,0,0,0.00054786610417068
b48116d4-38b1-10af-a13a-286f00e964cc,0,1,0.00034274146310053766
4df15e9e-be75-afcc-d6d8-69826fc8e644,0,1,0.00028635948547162116
2bfd6918-f4d5-678d-ef0f-8d7d7b30c16a,0,0,0.00015902346058283
efde4a43-a77c-f880-5fa7-7f0f6ac88371,0,0,0.00012363013229332864
ccf0ea89-ce4f-946c-ee26-5d1b7d70ae04,0,0,0.037011317908763885
6e7b2f98-34be-22b9-9125-2b0942c61206,0,1,0.00011795810860348865
d5aa6e68-ee6f-35a4-deef-3dfcd1c73b29,0,1,0.00012062191672157496
edda94c5-256f-659f-b09b-0399ed345633,0,1,0.0011701632756739855
dc8639e1-918b-91da-b8b2-256c3d5d05fd,0,1,0.006494518369436264
61a8578a-18a6-e321-5997-0e3da01a6afb,0,0,0.00013340830628294498
8002fc17-f218-c033-41a1-bd3ea5e5785a,0,1,0.0001717900886433199
d638955c-b4ca-1dd3-ed31-5d27c68d2973,0,0,0.00022087153047323227
a4cdf4eb-8356-f607-99b8-0e9af1796f06,0,1,0.00021215299784671515
f1d7f2f6-5f7b-c666-d863-73d0307b8c40,0,1,0.00012132014671806246
576f1d22-d1ec-574f-a291-179cd7182860,0,0,0.00012719345977529883
70c21c55-c37b-246e-4186-ef8b88a79a39,0,1,0.00011658735456876457
6ede84be-0e93-0141-df27-97d597868fd1,0,1,0.00011299955804133788
1f78fc1b-40ef-d544-f2a5-4a0b68ee8b08,0,0,0.00010557442874414846
b92be46a-0cf9-6705-b8e8-d2ec154b47e5,0,1,0.00011179274588357657
01d506dc-6170-55e2-44dc-7ea1a3df180d,0,0,0.00015746825374662876
771eee24-70ab-f3e4-fccd-86abf39a54f5,0,1,0.00011984140292042866
0ada5a9a-fbc6-f108-07d0-6d9bf057100b,0,0,0.000116266957775224
6b124117-6d22-feb4-1ce2-5a903b3c4ffd,0,1,0.00012091811368009076
4552cc46-27cc-06b0-24c7-c49f744a7839,0,0,0.00011212348908884451
24e23ff2-fc71-bea4-d856-f5539890661c,0,0,0.00025158034986816347
84616487-9211-c112-555c-edd3a0b66236,0,1,0.00012471899390220642
71f2a481-6f7e-37da-f13e-f56cc2feb969,0,1,0.00011428714788053185
49e1df30-9374-2c6b-84ed-233df4550996,0,1,0.0001363662158837542
f4f0bbdb-4432-23a9-e4e5-4ebeebae5215,0,0,0.00013207497249823064
94290bd6-6aa1-6cc1-109d-4b91cef00306,0,1,0.00011468047887319699
ff4415be-b067-8e81-3b9d-7a01f0c38b71,0,1,0.00019265284936409444
0ffb3417-9439-aa49-8318-9c879a5db273,0,0,0.00034865940688177943
31a65446-7f23-cc5b-42f1-9a309eaee0a5,0,0,0.00041301341843791306
829974c6-7214-718f-cc24-616502204a4f,0,0,0.0006141139310784638
5ff7b3b6-6f07-b3c8-8191-1deaee86a19c,0,0,0.00013896873861085624
8487b764-0931-a076-da44-260b691ee21b,0,0,0.00012378912651911378
d5d888a4-9a18-b1e6-ba43-ceb07801d230,0,0,0.0002663879713509232
6aba5ea0-680f-42ab-e4e0-7849239fdca6,0,1,0.0034653297625482082
e746ff64-a9a6-bc8e-9679-db15d0dd529e,0,1,0.00013914192095398903
45784bd5-aee8-0235-c4ba-166e035e279a,0,1,0.00013318512355908751
0690e194-a40b-af70-c78f-fe2112c651e7,0,1,0.0004056534671690315
c7ed152b-e133-fe23-6403-30e0aa356865,0,0,0.00013721379218623042
e9c08f07-5a8d-bdda-590a-e2bd43ba1312,0,1,0.000109383552626241
6e87693a-5c3b-419b-0b32-8544c0195b71,0,0,0.00010889628902077675
3b956854-79e6-1728-833f-2ec6d661461b,0,1,0.002104171784594655
2b95490d-23ac-8b22-7b82-59a8ee718d4f,0,0,0.0068883332423865795
f149c0a5-14db-7d4a-a817-707018c1e51f,0,1,0.0001374247221974656
b5a08a9f-555c-3ba8-83f4-eac98e239605,0,0,0.00024676468456164
11e41a32-87b4-9afd-f8ec-272ab05a4887,0,0,0.00012330050230957568
fb0ee4f4-1918-9565-9dfe-efd4311056e3,0,0,0.000154971145093441
20b20fd2-6e39-aca4-f779-6312a7460371,0,0,0.0003273573238402605
d9e2ffeb-e8d5-a41a-7c3f-05e4e00b02e1,0,1,0.0001282389712287113
4a724e6d-ac15-b94f-9858-afc2b24c6859,0,1,0.00013804119953420013
c12dd21f-6a18-a561-3f64-9a86ca5bedbd,0,0,0.00012468047498259693
27be401b-a2ee-c96a-01df-9012d16ede0b,0,0,0.00020236759155523032
67f779ed-3675-3ba0-3935-37ed1f7a7064,0,1,0.6953186392784119
337ac2ed-5e5e-b6c4-347c-b300dc83aa85,0,1,0.00011984848970314488
daae53b6-ddd0-cbbf-d773-a04c99dc0392,0,0,0.0001195892327814363
950dfa0b-6446-5d2a-6dcd-4882e5e07c42,0,0,0.0002243369963252917
9b65108c-f043-09ba-fa1d-8c654df7eb76,0,0,0.0001350704114884138
ace7b01e-65c2-0a7f-3ba2-f10be514119c,0,0,0.00012484607577789575
0e0fd210-8b95-9a9c-6fee-3123521ba85f,0,1,0.00011952436034334823
bfa01931-c4c8-f7c0-4e21-f7ef43338efe,0,0,0.0008436546777375042
cf8cedea-fb6d-d57b-6338-882b6ce6adef,0,1,0.000128928164485842
f01cee9e-615c-5003-ca13-48c68bf6c6ff,0,0,0.0011332262074574828
37d9043e-3c94-87a7-a9d8-71bc7d194691,0,1,0.00012451008660718799
e86b7cf3-d3dd-ba29-db43-d092370b3a2c,0,1,0.00012801832053810358
050b33c2-df31-6677-0f1a-0d40e5bc930d,0,0,0.00012150561815360561
12ad6f41-a0e2-f80c-40b9-b7d96d2f007d,0,0,0.0001453882287023589
0a6d3910-9078-a17d-50fd-dea38f771981,0,0,0.0001802975166356191
3bf32faf-f5c1-45ee-7123-f2b8140b4f21,0,1,0.0003958128218073398
7cba5aa2-e9f7-4f44-c077-da6f3ca18897,0,0,0.00013643618149217218
fbcabf32-b0d7-8d26-8cf4-ee904927cad7,0,0,0.00014464580453932285
e48fd616-b2dd-0d1b-51d3-d4722ec52090,0,1,0.008188776671886444
a4645bc7-8949-e575-f507-305fcb9e503b,0,1,0.0001239871489815414
6ee127d5-734c-3234-91d6-8e8d41b15dab,0,1,0.00012419100676197559
db977a6f-7cad-1f3c-dc77-c4e5aa6274cd,0,1,0.00012584215437527746
d9f3b9fa-27fd-6cb5-cfd7-8c686f02164d,0,0,0.00012728749425150454
bf6ec658-62ad-3721-a366-014c80347529,0,1,0.00013161823153495789
53a2bca5-c655-bcd4-50eb-4aa051ab2f8b,0,1,0.0001323407341260463
64433e38-21da-906a-5f74-97587708fcbd,0,0,0.000262598623521626
c1d4d7c9-855e-db78-591d-bc767f93dd39,0,1,0.00013808479707222432
d1599893-2215-5859-65ce-5e59ab2ddb9a,0,0,0.000291179574560374
6c4d6bc1-6033-33ac-e724-de4f22e2ea9f,0,1,0.0001149206655099988
0ded123f-991e-7627-e793-8f44a02424bc,0,0,0.00018942802853416651
6f93d6de-636e-2578-cdaa-ce577bec5303,0,1,0.00013950752327218652
bcc74b42-8718-d39f-81e1-78b0d13eea65,0,1,0.00022757609258405864
4a733bf0-9227-e741-5dd0-a2e0d4a20f51,0,0,0.0001578156225150451
44eb1d19-83de-c123-3afc-f30f600fc97b,0,0,0.0028326415922492743
f3c0885a-ebdd-1f76-2af9-4d9c4b21b8c1,0,0,0.00010735467367339879
ef7f4beb-a5eb-8ed7-3873-4516a54ab414,0,0,0.00010622375702951103
20c0e0d0-7d0b-87b2-e3c8-87c055ca1979,0,0,0.0002787744451779872
1f6caa92-e368-65c4-1ea5-a03d8b83c031,0,0,0.0001402314519509673
8ac7fdfd-2200-9d64-9596-0417a818f915,0,1,0.00011236871068831533
71979388-70de-7725-acc7-ebd9eb2e7f5b,0,0,0.00012964849884156138
dfba530f-1f55-8fe2-8da1-36edb10fa36c,0,0,0.004920240957289934
5cd83eaf-7ad5-6cf7-b1e3-31f07ba7bb33,0,1,0.00012067587522324175
31a3ae12-6e32-fed4-0727-c9c6cec6b8f3,0,0,0.0009073076071217656
a1b6c239-061f-9c08-0d4f-0a0b9d4fc207,0,1,0.0001311978412559256
aec70f46-64b3-1a02-9f9e-4cd6370fb3a4,0,0,0.000575001526158303
3e962d30-dd3c-ab92-e79c-1db764135be8,0,1,0.00012322266411501914
dcbc3ac3-554c-0451-6f73-1f76db81989e,0,1,0.46040603518486023
d07d0ab3-3b23-6b90-0343-c386642c9152,0,1,0.00012129573588026688
30e5c96c-b01a-aedd-1560-f76fad2c4895,0,1,0.00012524181511253119
14887a9f-afed-bedf-ad18-82ee3a5a9a25,0,1,0.0001155333302449435
3601aeba-723c-f75b-9bba-fc2718183f81,0,0,0.00011454257037257776
ad8ec3b7-6237-2e1a-505b-bd7eaeea24dc,0,1,0.0001225130254169926
e02043d8-ab31-6d85-a43d-f876ea6875b7,0,0,0.00011976838868577033
6ed1eaa1-acad-7aa3-9998-da125f4e14e9,0,1,0.00014991099305916578
c51e6edb-6919-dee2-b23a-02e4530fa50e,0,0,0.0009297206997871399
b6b23527-687c-ce36-2946-d06e279a582c,0,0,0.0011561843566596508
d26e91f8-d5c6-05db-614e-5b1dbb6b25ec,0,0,0.00026724397321231663
d8a0281f-4c6b-0724-2468-1fc649713ce8,0,0,0.0001519007346360013
d00df102-7cfb-e14f-b58d-048b54494586,0,1,0.00015897222328931093
aba2379d-0f04-03f8-d2c3-deeef493c297,0,0,0.00011682985496008769
8f6eab30-c801-e67a-ff5e-513ce57a8a5a,0,0,0.00034449403756298125
3fc174e0-bcb3-4eb8-8776-c761b54c9df7,0,0,0.00012062467430951074
8e6509a3-2d2b-42a4-1c78-bf275f0a6cf4,0,1,0.00012171643902547657
35eb5451-4207-9fe4-9cad-c898ff1573ac,0,1,0.00022615495254285634
e4c791b2-8be0-ada9-d27c-a58148b441ac,0,1,0.24049989879131317
bc6d8956-fd84-8ca9-c102-b2117420627e,0,1,0.00012097819126211107
ceb23abb-ebc0-463a-4b9f-804e374614bc,0,0,0.00012626238458324224
2e5e8fef-051e-a58b-cb17-54362579a4bc,0,1,0.00015711504966020584
fac34bdd-7401-8b10-0614-754da53875a2,0,1,0.00012034675455652177
c46fd3cb-ad62-4e05-697d-2c5060a327c5,0,1,0.00012529185914900154
d06eed5f-6230-d1d0-e344-3803e52a26ab,0,1,0.00015562491898890585
d69de04a-7072-f993-6042-0cc0984effb5,0,1,0.00013026724627707154
4a870ed4-f460-26e8-059b-f52d045e4057,0,1,0.00012673885794356465
0b188f3d-8e52-a653-5415-a85d7ba5300f,0,1,0.00015155263827182353
934cc16a-4f48-cb8c-3804-eca9358f10ce,0,0,0.00011577584518818185
948c6c7c-d93c-0b91-79e6-3681f9a6f95d,0,0,0.00012095581769244745
bbf083b2-25d5-8e02-5119-9e8e85306501,0,0,0.00011131800420116633
1b4c605d-daea-480e-61e4-c2320fdd8a82,0,0,0.0001126126226154156
8c7ee5ae-c72e-46fe-8b29-b96b39c4e2c2,0,1,0.00012018483539577574
7ec6e790-247e-1136-fef4-597598d1ece6,0,1,0.00011820322833955288
e426f4bc-e0e3-3dd2-fb26-be72c99f273f,0,1,0.00012140195758547634
f18e88c4-006a-f065-4a4d-3a40bdbea533,0,1,0.00011761083442252129
e96db330-0146-5335-e887-a022467cf827,0,0,0.0001154553538071923
4c8dac2d-49a5-8afb-2818-001ebcb8b7fa,0,1,0.00012804394646082073
5225481f-839b-1b47-8d44-47c71f057cbc,0,0,0.0042977407574653625
622ee24f-1a8c-8cb0-796d-9573a4d12f82,0,0,0.00017803977243602276
f46dc2e4-7d58-2de8-d77e-0ff9d52061f1,0,1,0.0001256591931451112
1e207b11-db6d-26b8-4b48-90438d7acafd,0,0,0.0001647396566113457
60b6970c-ba22-e754-5dce-b241cc93f2c7,0,0,0.00016353999671991915
b292600f-dac9-647b-5bb9-51d2e22a1392,0,0,0.00018362411356065422
b7322afe-3bb6-831e-88b0-5613b86b3bc5,0,0,0.000582320848479867
e7055449-8ccc-cbe9-89b0-8fb49b943be6,0,0,0.00011872014874825254
7630d902-02ae-2e46-e2dc-09d7b9e026b6,0,0,0.0002433629852021113
e98888e9-d543-5534-c495-91f6cc633bb4,0,1,0.0007458029431290925
725b70a4-a06c-d91f-bc4d-3e891fe7c4eb,0,0,0.00011056751100113615
683182f9-6635-c00b-4334-8c0d896e10f6,0,0,0.00011977615940850228
fb0d699b-f815-3ff0-cc96-d80daaadf2dd,0,0,0.0001197302553919144
0d678846-9160-20a3-876c-a6831024b26c,0,0,0.0001319214206887409
7b431825-d6e1-8037-3da3-653e53a60b4c,0,1,0.00012917588173877448
41f668f4-def2-b9d0-8dd2-77ec32cb86d4,0,1,0.00011345788516337052
c1013ee2-6a49-f242-2fb9-2825a619f029,0,1,0.000314146134769544
970119c1-d813-c3c2-1319-3d976eb6b59f,0,1,0.00012772226182278246
cf64c36c-9497-3c75-c9b3-840069e8620b,0,0,0.00015175131557043642
1b566bbc-e41f-151d-da0b-deba7e07c8df,0,1,0.00011648979125311598
85c44c35-f646-d550-fd7f-97edd9ae2970,0,1,0.00023707405489403754
16ee3c4d-bc88-1183-4ce6-4d4a1df6b4b7,0,1,0.0001539278746349737
d043ef2e-2503-d718-d49f-5ab6585d8472,0,0,0.00014830638247076422
f9ee1283-c884-a05c-b8d0-561297b49f98,0,1,0.00012567070371005684
094463af-fab1-a8ad-556f-acd5408f89ba,0,0,0.00020885720732621849
a91c4699-ab55-8064-72a1-85e3d5c4ff3e,0,0,0.00022274933871813118
5f8dd0f2-051e-4839-a586-67bad95e535a,0,0,0.0017203987808898091
6f3e9b62-5028-1411-88ec-7d01e7520db9,0,1,0.0007754357648082078
c0c24a68-687b-601d-ced0-17bc2af8829e,0,0,0.0001310839143116027
2fea1902-cccc-afce-196a-94c62f64018d,0,0,0.0021083587780594826
dc1673d0-7c0e-4a16-157e-f103ea508651,0,1,0.0001238732220372185
14977129-92cc-9a86-07ed-d24150c73d01,0,1,0.00011751487181754783
9213beea-42b4-bd0a-92cc-780258cac797,0,0,0.00011699328024405986
98d269b4-c502-a898-d68d-ff3b3e1a603e,0,1,0.00012740334204863757
0db29433-a76f-04dc-c918-954951444309,0,0,0.00010799187293741852
88227822-afa4-9aa0-94aa-f0e1957b4301,0,1,0.0011298315366730094
b6848854-23a4-ad86-22dc-3692f8ebc5d0,0,0,0.00015747080033179373
3ab600b9-95a9-f2db-c36d-1db5ee8e6abf,0,0,0.0023099344689399004
bca81e2f-6b64-9aac-1baf-3d77be3cb097,0,0,0.00013180196401663125
ec9af8a2-4824-77c9-e5f9-700f3712187b,0,0,0.00020711861725430936
466fbb1b-48ed-2617-5267-2c14e660774b,0,1,0.00182735500857234
91074386-325c-b9f6-6b6d-29dab251f73b,0,0,0.00011333655857015401
904df667-bc58-e7d5-6cc1-d84ae9b74ffc,0,1,0.00012612207501661032
e76aa7d9-7ce4-4ad0-092c-ca45498cbb3d,0,0,0.0011378498747944832
cd2fa8d4-5d0e-6f57-1e81-8cfc10fc8c6e,0,0,0.00014196298434399068
38f08c5b-47b4-2eb3-d3cd-dc579c2787a5,0,1,0.00012580535258166492
5eb06206-dcca-8d47-a182-eec65092cb7f,0,0,0.0002260622422909364
dde36dcf-5640-75eb-1336-62a8094d8017,0,0,0.002565208123996854
59a1e166-c0ed-c3d1-febf-31a2ac3a97e3,0,1,0.0006805961602367461
197d375b-e6dc-e53a-dbd9-47004ebf10d2,0,1,0.002270866185426712
ac1e45d6-7924-aee4-1fc0-f40442cf3820,0,0,0.00019048250396735966
655f622d-4506-d634-fa13-8a111a4db476,0,0,0.0001170005343738012
029f9c81-72a1-6817-d3e9-4493faad632e,0,1,0.0001309728395426646
f91e0fc4-fdfe-ef19-e0a0-a49f79f95964,0,1,0.00012135440192651004
f180189a-3e2a-0ddf-eb00-173a2395ae66,0,0,0.00011591293150559068
2f251364-c75c-b1b3-dbdd-fa04da588498,0,1,0.00011411325249355286
2fa5ec44-3266-813f-0775-6bbf9a76ce43,0,0,0.0038446523249149323
b5a8c978-bd4d-017b-a76d-d43f74228471,0,1,0.0005623367032967508
b3c89cb6-36bf-d3ce-b706-b636a046010c,0,1,0.0021905056200921535
fb63e83f-a376-afe0-ce11-b6669ed1df05,0,0,0.00010833471606019884
79a8543e-ae1a-9b85-77f3-92eb42ceba1d,0,1,0.0006932020769454539
095e3e89-e389-3438-7f24-9885ec9e9fdd,0,0,0.00013938704796601087
e1b8fc17-c461-5f8b-fdc2-2b1857acc05e,0,1,0.00018803338753059506
a84c6206-17b1-c382-d563-68fd8c7557d1,0,0,0.00011212145909667015
d0fe4976-30d3-4927-b6be-b4da2cf26aaf,0,0,0.0002270630793645978
3f0bfcd0-915f-523e-f0fe-89bd46bb67f3,0,1,0.0001229768677148968
90cdafaf-ae64-f794-fa32-c9fd964c0900,0,1,0.0002297398605151102
5f88caa1-7f2b-5e85-5b42-0405cb47fa19,0,1,0.0005548703484237194
49590231-bf0b-4fa9-1b71-250b7fa28409,0,1,0.0001330218801740557
ed9f7520-737d-794f-4fac-e5cffb6e537d,0,1,0.00012804016296286136
a3b440e8-e5e2-3015-8474-18ff957d103b,0,1,0.00017095019575208426
0cb72470-1931-c553-9ca8-4130219bbd68,0,0,0.0001275871618418023
200f37f7-790f-df98-30a6-cd505f58910f,0,1,0.00011594686657190323
4fc68025-2ccf-5911-6074-2609b51ff16f,0,1,0.0001801253529265523
