metrics,0,1,accuracy,macro avg,weighted avg
precision,0.999964,0.999485,0.999854,0.999725,0.999854
recall,0.999845,0.999881,0.999854,0.999863,0.999854
f1-score,0.999905,0.999683,0.999854,0.999794,0.999854
support,84057.0,25238.0,0.999854,109295.0,109295.0
