patient_id,predictions,labels,pred_probabilities
749cabb7-515e-c4ca-f610-aaeb9a0de3ab,0,0,0.0014813556335866451
d33a0dfb-a262-8861-7603-05f9ea43cd2f,0,0,0.0007980493828654289
212dd501-55bc-14b8-0aad-2ebb417fb046,1,1,0.9998300075531006
0a8a02e2-d99a-ff7d-676b-da0a6628e75a,1,1,0.997820258140564
dbb735ed-a22c-9c66-7beb-8426e22ce84b,0,0,0.0002529860066715628
97be05ce-e93a-bb8f-1e1d-542c71395fa2,1,1,0.9997279047966003
a17ae3b9-eaf9-06e0-355c-6c3a1efb3f5d,1,1,0.9997759461402893
051427d3-f630-2555-315b-bd7c1f1faf01,1,1,0.9995853304862976
cc0a0dec-2a20-101b-f414-026eae25a72d,1,1,0.9998282194137573
93c37c9f-9779-3184-2378-57293d1f91f6,1,1,0.9998278617858887
a771887d-6944-1484-4c8e-1262f238118e,1,1,0.9968359470367432
e0fa21e0-eec7-21f0-5eee-93b59ebb56cb,1,1,0.9970754384994507
a616c54f-4e6a-682b-e1bb-0ff8c2b8f68c,1,1,0.9998001456260681
b5263335-0f5f-3549-b44d-88d4aeffd8bb,1,1,0.99112868309021
f51535c7-0473-841f-0097-11f2409b5b51,1,1,0.9998273849487305
44d26568-ac69-d5b3-222e-3ad9a5929816,1,1,0.9998120665550232
7b7da944-373a-4416-5ba6-0048e8de22e3,1,1,0.9998470544815063
eb4c8b0c-8327-879c-a3e3-e3724795e21c,0,0,0.016045957803726196
f7ad0a8e-47ee-e3a2-e218-e8e3f0b40546,1,1,0.9994966983795166
0b156130-8dc1-34e8-9b4c-f69441b8d5cc,1,1,0.9998242259025574
583ad501-4bb8-cd0c-1795-f82950073775,0,0,0.0003182910440955311
42857277-1532-4e43-e30f-df0349f45236,0,0,0.0047377017326653
b15ce930-6c46-c379-db25-327df2c576f4,0,0,0.0005094269290566444
1de16698-2857-07c7-317c-6a0d0192f863,0,0,0.0004842738271690905
4fe3b7c2-e865-8cb9-b6df-0d91a8de5f5c,0,0,0.0006612580036744475
c5e5a5ed-b612-b40a-eedb-50274b06d40c,1,1,0.9998288154602051
3e4c52e7-8472-8b78-d3a8-8e019c140f6e,0,0,0.0006875693215988576
d1e6322d-da9d-eb0b-f3ab-2a27c5e57cb9,0,0,0.0002739227202255279
cd52b8a8-1ed3-be30-51a2-d62a31207a26,1,1,0.999833345413208
f4e1ce04-f925-240e-07f8-e37029584319,1,1,0.8934365510940552
0329d1b8-5b51-46fe-4633-b5c1e7ef7dcd,1,1,0.9998080134391785
d10f068a-1889-90c1-ae33-6e0a9c7e895a,1,1,0.9997212290763855
076cf06c-ab02-6a3c-f27a-2ee4ee0d5845,0,0,0.0007465008529834449
8e716174-5d90-1a7f-9e96-53572dd2558d,1,1,0.9995833039283752
28ed3591-7129-5a11-6846-3e8091223300,1,1,0.9998351335525513
b1683663-8d56-3b12-12de-b595f425a066,1,1,0.9998278617858887
4b81a238-090b-e1ab-7cb0-34faf8f696bc,1,1,0.9927833080291748
2d80106a-7e6c-4b5d-3ee8-301e27de31ba,1,1,0.9956717491149902
849fba5e-0104-a0fe-2ef5-f24f4d25b6d7,1,1,0.9994193315505981
926ccdd6-b438-efc7-6b7b-65023f2a9182,0,0,0.00021685562387574464
269105ba-cc5c-415b-1019-53bd13b2095e,0,0,0.0003424830792937428
436f31e1-d389-ce68-1943-8b139b4623db,0,0,0.0010641837725415826
83d0ce85-4022-3855-6f8e-8fc0bc72e048,0,0,0.0014499189564958215
71a0f24f-d0f9-af6c-3915-1831b2a9b77e,0,0,0.004020621068775654
397c3717-2318-06db-bbd9-09dca16a1425,1,1,0.9954330921173096
17eaf9ea-961b-f89d-415c-bd6d65f88ed2,0,0,0.006425463128834963
6bf08e14-7e47-3bfd-0005-0ae02a8ae64d,1,1,0.8249755501747131
602d4271-4a78-6396-0c4b-934a6b98de14,0,0,0.001251191133633256
764bad02-de65-a2ed-26e7-a981069927d0,1,1,0.921430230140686
1a21ee10-2b66-b9fe-758b-7876d245072e,0,0,0.11254023015499115
d5e0c2a0-734b-2d62-35dc-807d98e1cf44,1,1,0.9962173104286194
df59b6f5-ecdb-65f9-8c9a-4f84c4b369cb,1,1,0.9997469782829285
5d715ebe-6e32-e760-49de-7fcfa027d813,1,1,0.999847412109375
8f93b853-ab5e-b177-394d-a936bce5b57a,0,0,0.0008081509731709957
c35c9a84-043b-c3c8-89d8-9716e6518fbf,1,1,0.9998308420181274
2fe9d669-6ad9-5a61-8148-f6db223d7395,1,1,0.9998316764831543
22bb4755-c72a-f319-7e24-6faeeecb7b9b,1,1,0.9994754195213318
8a492648-0c0a-a89e-4ee0-c021bfca7545,1,1,0.9998372793197632
bbf36c96-4658-0631-00d3-74a735d7eeec,1,1,0.9998348951339722
0ed1b896-1490-383a-86a4-b3e6d5966b78,0,0,0.00026920231175608933
9fbb28a6-8b8b-50d8-e24f-ccc8b36ab6c7,1,1,0.9994341731071472
966b3a3e-db4e-59cc-0cc6-56ea4350fcf4,0,0,0.00023947740555740893
aa663ec1-679b-7307-8813-b165d098125c,0,0,0.0007376307039521635
adf66650-dcd9-4fb2-053f-236e00aa80f5,0,0,0.00028941710479557514
fe0eb3aa-9566-1050-c531-2b60952d1ce5,0,0,0.0003421929432079196
92ea056d-5ed5-a51a-cffd-50ab14cb65b1,0,0,0.00029640301363542676
0a277c73-8d1c-188b-a208-986baa4b7c6e,1,1,0.9633539915084839
0ea484fa-ab87-e3bb-9bac-a3ce66340eec,0,0,0.028775012120604515
5963f355-8ddc-67d1-efb2-9b83e45460b4,1,1,0.9997665286064148
5b6167ee-626e-8ae6-0587-7d1abe12bd72,0,1,0.05091347545385361
b6bacc77-3792-a153-2f04-ed897f81fa80,0,0,0.0002028809249168262
ed86ed65-97bd-917d-5a1b-f295796d4eb7,0,0,0.0009314584312960505
ed2b0581-f872-99b6-f38f-80ddad939603,0,0,0.00028672226471826434
c76c841f-5f97-c1a0-7b9e-69f730a7efa3,0,0,0.001068039215169847
fbd887d9-d93d-ea4e-08b4-2ae5dcfd326a,1,1,0.9938570857048035
bdc8a3ff-e854-87ac-458f-c57e3c7d6cd2,0,0,0.0005841235397383571
7364c0e4-08ff-8e06-b300-460e654387d8,0,0,0.002321545034646988
32e72fb4-8a0f-c6de-3b6f-754db3a3a315,1,1,0.8952302932739258
ce85ee34-b63c-af3e-92fd-1377d89c077c,1,1,0.9998316764831543
ba5dbeb5-5964-6996-d689-2e0d880ad6ea,0,0,0.0006875264225527644
1aacc62a-4906-d89f-17df-ce57e5d4a5cd,1,1,0.9998347759246826
6f9587cf-eb06-d5c5-33da-5869073a326f,0,0,0.0006227742996998131
b2671a75-4ec3-0310-fbe3-3d306b5b98db,1,1,0.9998341798782349
62a96511-24c2-2460-c06a-04e5b2b2b558,1,1,0.9967396855354309
e3a33f9f-206d-7061-2b58-fca590befd3a,1,0,0.9834526181221008
83a48404-d511-5e39-08b1-152099c3ad97,1,1,0.9997250437736511
5e474003-f21a-0cca-db5e-d57340a2a055,0,0,0.00042382776155136526
f3db887e-3914-f04e-933c-f9978c710203,0,0,0.0004473977314773947
3a0e5b83-81d8-b7c6-9ad1-a86343658aa9,1,1,0.9996262788772583
2449fbdf-ef35-17eb-ebb0-356d2a3e4e26,0,0,0.0003221523074898869
b0b9c30a-6815-40bb-d791-70b022ffb609,0,0,0.001796509139239788
580c7c18-dade-43fb-d68c-83a4b67b86ee,0,0,0.00019136304035782814
8c5216a8-51f9-fcab-bdb8-51f8c16a3dfd,0,0,0.00023511653125751764
f95badbe-72b9-eda8-30b6-cce147fa4ad2,1,1,0.9998317956924438
d044144b-1635-befd-1e13-f71c3dbf72f1,0,0,0.0002791114093270153
c113efb0-a876-99f3-c6e8-c08216e73fb5,0,1,0.09582392871379852
4e76d6a3-a7f8-d0c3-1843-ba036577293e,0,0,0.005729567259550095
a39d4314-ff5c-7e75-ca3b-53769cfcfd83,0,0,0.4306577742099762
ab0f24e1-b957-07c4-be89-07544742612a,0,0,0.0005914571811445057
6c75a640-a9d0-7b54-8146-7da3d05f78b3,0,0,0.00024822630803100765
45eea60c-da98-6308-636c-32658d5f56aa,0,0,0.0008914944482967257
9bd90fd6-1e86-901f-92f0-cfd69958b770,0,1,0.17358583211898804
c7b60ae6-dc2a-9689-4f25-dc066f8edf77,1,1,0.9998069405555725
f1dd0168-adc7-b707-618d-7d7baa36c683,1,1,0.9982957243919373
7f01c6e5-f4ec-d8a4-540c-370e291d7aea,1,1,0.9996094107627869
d7409532-054c-3962-ac06-c9a967135c31,1,1,0.9998296499252319
c48511cb-412a-3221-c129-94c95b6cbc0f,0,0,0.0010652741184458137
9db912f5-9c48-0f2d-1903-a81ab50b4ef7,0,1,0.4682537913322449
05068efd-3327-7600-3cf2-2494a735e30a,0,0,0.000697947631124407
d5b83749-f039-5d41-c209-ac4caaf4ba7f,1,1,0.9998016953468323
9781d0d4-285c-e605-1972-c072436598a7,1,1,0.9998348951339722
2931123a-3d88-5eea-4fd2-6e22a375cb9f,0,0,0.00034113498986698687
55169758-13ae-d818-257c-6f56e4fce7e7,0,0,0.0022887447848916054
4a53035b-1213-145f-0af2-cd2fcdf4a698,0,1,0.18243631720542908
66dd1aeb-b0b3-7c54-ebf6-73f050828bf5,0,0,0.0013612521579489112
3340e4df-0fab-0148-81a3-34306692ac8c,1,1,0.9997465014457703
5b3e91fb-13e8-8d4a-755e-4751b8545753,0,0,0.00039491281495429575
db6fa647-8b09-ff42-f00e-ce46648fe97a,1,1,0.9995648264884949
0ff3648b-f0a4-58d7-ddae-224d069be976,1,1,0.923086941242218
b0168706-fa2a-1039-9725-85e71ae37e7c,1,1,0.9366057515144348
48bb5d3b-00ba-ee31-3878-f81a4b33f345,1,1,0.9997292160987854
af24b440-e372-81e5-fd7d-b05d184d6f13,1,1,0.9988168478012085
eedb56c6-52d7-0472-38ed-f4ffeaa247da,0,0,0.0007345357444137335
17a92762-e00f-9b81-a30f-df7e8fca955d,0,0,0.016742568463087082
912376ff-e19b-f207-b6b9-1375a7621773,0,0,0.0003338123788125813
a3513b77-c415-5658-80d4-2139fe07b670,0,0,0.00017350773850921541
af6917a2-d869-a9a6-aa17-61d41a65f6a4,0,0,0.001549851382151246
3f9b16c6-26a5-c664-3ede-b9781f8a73e1,0,0,0.000460361858131364
1d286eff-8c8f-f958-72da-db165b7843ce,1,1,0.9995328187942505
a04db083-ea57-380e-7b71-917b7a6a9430,0,0,0.0011625726474449039
daab2b78-acd1-0028-23a6-2830ab9a29eb,0,0,0.0002091130445478484
a4635f0c-1ec2-049d-3d4c-5488f7f98fbf,0,0,0.0003290221793577075
453664b7-21c3-adc2-854c-32f6eaf3a5b6,1,1,0.9995952248573303
15bec375-ee3a-f2f7-3b45-24a580250549,1,1,0.9997685551643372
52e23f06-6ac1-fb19-7878-241475e97fd3,1,1,0.9998323917388916
a7db9fac-b676-baf6-012f-203a40b42494,0,0,0.00023258678265847266
be65c914-e9e2-38cd-aa10-c010e34adb9d,0,0,0.000196866225451231
310e4072-05a1-ab28-d50f-fbf842cb518e,1,1,0.9990723133087158
0db3e4aa-b8d2-d277-21d3-8c95604dbbcf,0,0,0.005346277263015509
e616be21-8cc7-e8c0-3c8a-d1eef7934de5,1,1,0.9995211362838745
8002cd11-a2fe-b21c-88cf-9c8f5ee15eb8,0,0,0.0019386070780456066
97e15055-0360-01dc-5d39-5e25aaa9d4d2,1,1,0.9998065829277039
2ce9cb75-8b94-8f87-660f-5e0878dc172d,0,0,0.0003478689177427441
1bf2f79c-a4a8-c616-3bd2-3418607d4e38,0,0,0.0004178601084277034
df09925a-169b-2c65-0dd2-38b99f4c2eb6,1,1,0.9979360103607178
c2a59683-21f3-d033-8f5c-53ec45f02f98,1,1,0.9160728454589844
936d7f6f-7f46-7792-03bd-37c76736c9ef,1,1,0.9998314380645752
9b928153-28a5-436f-bc59-b874f9fd0c7d,1,1,0.9993627667427063
6c14727f-1fcf-fdab-4688-7d64aba46b7c,0,0,0.0003802586579695344
fdfefdfb-cd9c-6a2a-a4b3-f9d72bceebef,0,0,0.000563159235753119
b638d380-3580-4495-5e81-b04feb43c457,1,1,0.9998295307159424
d0656aa0-85ea-f5db-ecce-e6049ef705e0,1,1,0.9997898936271667
145e3998-08af-a1e6-c1cf-9b85dc2e454c,0,0,0.000532187637872994
838c83be-78c2-788e-e61c-d9780d08a38f,1,1,0.9998267292976379
b139c5c3-f41d-d2e2-a583-3576d908840a,1,1,0.9998291730880737
98263a08-45b0-a1e3-8d8c-19fca403f7bf,1,1,0.9997140765190125
a06eecb2-1b7b-0052-90be-02be5d83ecd1,1,1,0.9993426203727722
db27ebbe-e80a-e2ad-0ded-60fe089af9c5,1,1,0.9998292922973633
7afb0422-2cc3-6d8f-7ba3-3d5bc5f39014,0,0,0.0014319895999506116
ba3d5a38-3f67-ed7c-4517-4de38a1ad235,1,1,0.9998443126678467
24e17b34-10a1-f552-0bd2-5fb3bf6ca40e,0,0,0.0004101527447346598
9b0e63e7-98d0-2470-ab45-9518929d2793,1,1,0.999574601650238
6bec8946-2a89-abca-9bcd-95ab914d24e6,0,0,0.07983776181936264
cd553860-733a-485d-bea2-da730fd4d801,0,0,0.00043392006773501635
2153fb97-30bb-e8d4-0f89-9134959594fa,0,0,0.0011376937618479133
221417e3-f159-ab73-72f3-255a737168ce,0,0,0.04191000387072563
cf8cea4c-bd2e-122d-86bd-cb95dcfd76a7,1,1,0.9997995495796204
d31a8b9a-e9c0-3043-0d81-078bcdce718d,1,1,0.9998294115066528
60f3388c-45c8-bca1-913f-8cdd9954423d,1,1,0.9998316764831543
df877d44-6b7b-c338-85b4-4f1907f4dcbe,0,0,0.0006710804882459342
90f6c8c2-2e98-19df-6d98-4f7e1a727ef8,0,0,0.0004959272337146103
7759be06-ca1a-5ff9-ac68-4cc5cd2ffc44,0,0,0.0023481068201363087
6b2455f9-d1a4-6f30-3396-681d160fcab8,0,0,0.4881330132484436
8e033b3c-bb38-35c0-1088-3fab84d11973,1,1,0.9410990476608276
ab2182a6-635c-8ee0-4474-61ba70a7e471,0,0,0.0003639788774307817
a383dccf-a712-f11b-97ba-f344b14e4865,0,0,0.021382542327046394
3ed9c39e-13fd-d69e-5202-6b2b09cb9f1a,1,1,0.9998316764831543
7eafd3ab-fc42-021b-f9d9-0c876b7610cc,0,0,0.4277368485927582
72184d80-6c50-980d-dd57-2c4604008ba5,0,0,0.0001681323628872633
08f3e072-a079-1c74-451a-ed253a48cd43,0,0,0.00029805366648361087
07d8b583-d5c3-bc26-9270-7e68a35e4fb8,1,1,0.9998316764831543
6241b3fb-958c-b8eb-ac63-ff5d27244171,0,0,0.0002525442687328905
0d2560e0-7122-9d17-f75a-7db0c823a76b,1,1,0.999832034111023
d6ee0207-041f-73be-b735-c25b9ee44a65,0,0,0.00021583579655271024
ea5a21af-d56c-e58d-2e0e-5272310d9989,0,0,0.004585478454828262
b551b757-5880-2632-c094-511eab967dc8,0,0,0.0005352649604901671
a2fe14ec-9b29-d3b6-4047-997bf985d04c,0,0,0.0003598500043153763
1540910f-5d9f-3637-b231-c43bfa621006,0,0,0.0036413855850696564
ce9ae3cc-f309-c49d-ae74-b78bc79fa3a1,0,0,0.0007442682981491089
458466ac-7067-2021-673d-bf595d5f8461,0,0,0.0007264311425387859
ed024952-6634-00b7-3916-5a32fd9456a8,0,0,0.00043237561476416886
265a9ef9-edce-61fb-324d-12172f3fda78,1,1,0.9998243451118469
d1cf312b-b51a-ad0f-709f-8876f6803eb6,0,0,0.0003280149830970913
13f579d1-7204-d122-38de-a29afd0ab08d,0,0,0.0005375901237130165
32d3849f-7b6c-2d18-6420-f529a5dbf670,1,1,0.9998315572738647
3193970f-961f-db8d-52b1-8890d84babb7,1,1,0.999528169631958
5c4d6456-9917-84cc-28ef-146a42e95c5b,1,1,0.999197781085968
5fb90210-4db4-d6b2-4912-104dd787de41,1,1,0.9998334646224976
a580f14a-0f3b-5819-109a-ae425b21084c,0,0,0.0006627182592637837
6c7485f7-6796-1701-0044-3b1cd07d5e32,0,0,0.00022309365158434957
3cdef0d6-f1aa-f94b-faca-30a1e2f3afed,0,0,0.001101188245229423
11ff7c28-5bc0-d706-3fbe-0cbef26826e7,1,1,0.9997624754905701
107f272b-dbf7-1a7f-b5b6-5722530054fc,1,1,0.9998351335525513
74341ded-2f02-1c39-ee7e-7747c5312664,1,1,0.9727468490600586
80c65d33-dd73-b22a-3e22-a8107ea5a763,1,1,0.7253286242485046
4161c570-ee61-0979-7697-5d5c2739d3ad,0,0,0.00023106914886739105
3cc15e7f-4df9-7cd0-881a-e3a428867016,0,0,0.0004773287510033697
419e4816-3714-4ffb-492c-d57c5f9f4515,0,0,0.0010874475119635463
cf6e4e0a-f60c-f8d5-b445-9b5dbecb6dfe,1,1,0.8593893647193909
9613a246-65f1-6b00-d9ce-927c24a1254b,0,0,0.08105219155550003
805b7a17-3ed0-a91e-95e2-8e136c43ff23,0,0,0.0002009464951697737
c54639bc-8b9a-d7cc-774c-524afa8b010d,1,1,0.9998220801353455
23e599a2-bb15-17f1-905f-2dedb34c1d28,0,0,0.00027112491079606116
74ec2a1a-ad44-ada5-07cf-16304611be6b,0,0,0.0006848657503724098
e05af340-d210-3911-4023-fee1f3587efe,0,0,0.0005169067881070077
56cfd4bd-3a08-47a2-a178-7fc9acb9ca65,0,0,0.00030719549977220595
81628a41-3200-3834-9f11-928820317359,1,1,0.9998316764831543
6839db18-3663-469a-2a5d-75a892a2fe31,1,1,0.9998313188552856
165cb9ec-ee1d-7e6f-c740-c02b4387e412,1,1,0.9994683861732483
0900c58a-08a0-cfaa-07c7-3c93f1861bf0,0,0,0.0020403650123625994
4cef3e1f-a699-aec2-da0c-70e19cf211ab,1,1,0.9997372031211853
e8df88d8-eb3e-e5f0-8346-265002489c5d,0,0,0.0006259764195419848
9bb26e2d-ebec-99b3-54ce-ca91e2ee9f6f,1,1,0.998970627784729
516fa8ce-f94e-726d-4833-dc649fd69841,0,0,0.0004922456573694944
9831d914-0843-299d-91e8-dca571da76fc,1,1,0.9998261332511902
b12afb2e-bd38-6d34-eb2d-954319704a41,1,1,0.5899760127067566
0a907fa2-3776-2ada-be80-243546e9d6e0,1,1,0.9997736811637878
9cd2d964-425f-b1c1-83a0-89ed7b090d12,0,0,0.0011379150673747063
4a8c2f00-54a2-88cb-63a0-7be161c3411c,1,1,0.9997332692146301
b3e9710b-3bd8-1f04-0a27-aae78a05faa3,0,0,0.0018729657167568803
1985be3a-c58c-2101-aea4-4ff1bfbda910,1,1,0.9995275735855103
92c03fc4-540f-6f71-0133-7ea9ba881cf6,0,0,0.000346835411619395
231afa99-81f6-a62b-5370-d2af66787171,0,0,0.0020870883017778397
3b06d61d-3004-7ae4-96cc-f2b7fb4e7990,1,1,0.9998427629470825
feeef68d-caaa-05a6-fb23-0b92295f40f1,1,1,0.9627915024757385
cd8785cc-fd40-345f-61ac-49d6718cb3af,0,0,0.00391292804852128
1f4e2a1a-7306-8c34-3388-610073f505a1,0,0,0.0004742610617540777
7eeb4b91-0ad6-a911-2af3-2ae7f2700cc0,0,0,0.0013161065289750695
2970168e-d738-0f22-6408-7eddba29ba7b,1,1,0.9984506368637085
f0d298da-99f2-e0f7-ab77-1fb4b12fadaf,0,0,0.028661364689469337
324b5d7c-bf4a-710c-4717-2f0ede0ceafc,1,1,0.9997530579566956
abf36fa1-bc4e-cc0f-9054-a60235e0e2cc,1,1,0.9987585544586182
8ee1c114-6e1a-cb88-4cf6-5dc60d6a9063,0,0,0.0002980814897455275
5f3f18b2-4037-5692-8868-8f115231f186,1,1,0.9875493049621582
2f169b35-688e-8744-f16c-0f39be149aa0,0,0,0.00036909934715367854
33933c62-854f-6d14-5325-ee170011effa,0,0,0.0013860975159332156
fa920d44-060f-4d8a-06b3-ae876dcf2baa,0,0,0.0002684810315258801
d7663e26-d7b8-d6d8-16ed-20aa0176fa2b,0,1,0.3995465338230133
695c9bf1-6096-19a8-e826-8e333552fa55,1,1,0.9998263716697693
4b77cad6-5aec-bab7-3e28-239155c81915,1,1,0.999610960483551
99364da2-21a2-669b-c162-bc90d2b13681,0,0,0.0007998720975592732
d86580d9-521c-e657-6f3a-807ed36e40b1,1,1,0.9997592568397522
f4f062ec-6979-6969-11c4-9d1713255a96,0,0,0.0007292854133993387
3f4363c1-4ac5-f2d1-23db-17bf09e6efb8,0,0,0.015219022519886494
5c5e4bb4-e29b-0aff-3031-30ac33d13cfd,1,1,0.9927099943161011
8f446279-2b44-8781-83e1-b73680646a4d,1,1,0.9998334646224976
330db8bc-7674-5710-fe70-05c2aebb0aaa,1,1,0.9996040463447571
4dd5ed00-481b-0ebf-86cd-484560abba70,1,1,0.9995716214179993
cb0c7cfe-2481-c213-bff4-11f7af26b1fd,1,1,0.9973771572113037
20a69a17-e431-204a-141e-44df14c0dfdd,1,1,0.9916499853134155
45681dd3-99d9-c262-58a9-c742485583a2,0,0,0.0002448329178150743
f5ba10b4-fffa-c31e-5342-61eb13b636b5,0,0,0.00036038007237948477
06570e3f-8165-ff41-3b88-228e81ea5934,1,1,0.9884893298149109
0db9130e-d01a-4872-601f-76cdd406b35b,0,0,0.0006819572881795466
7592d434-c1fe-2246-f31d-35cdffae0d45,1,1,0.9993759989738464
d9aec622-b30f-3464-3da8-5b8089e8971d,1,1,0.9998311996459961
ff96b4d4-2d7a-fdb5-a971-7a923576777d,0,0,0.001584708457812667
7818036f-e016-54c0-5424-ebb933aa36e3,0,0,0.0007425817311741412
3bfaa719-a80d-f708-c9b9-c4b8a56f0f31,0,0,0.002664195839315653
0a993698-5493-5a11-a512-ba437e3b309a,0,0,0.00022351735970005393
48690641-3129-5309-003f-b7c20aaf9ffb,0,1,0.3344234526157379
4f52929a-8527-8deb-1c3d-96f58f92387f,1,1,0.9998301267623901
e181f2ca-8c45-be85-efc8-40afb7862749,1,1,0.971782386302948
acd13d06-7182-d57c-e25f-1b3fc3b08b30,0,0,0.0006693109171465039
9943e74e-c2fc-21bb-92e0-9ce39cc81246,0,0,0.0006384465377777815
8d9a9aa1-869d-00d9-d1e5-48936332da82,1,1,0.9949190020561218
c67f7743-4505-c450-cbfb-50acf4a9a2ab,0,0,0.0005741617060266435
09af5c0e-0fe8-a058-c39f-92c1aa7cf857,0,0,0.00020434337784536183
af8facff-04d9-8d6f-f52d-10e1946e8d7d,1,1,0.9998008608818054
9c0e39a9-f4b2-8f61-3816-0029dc21f5ee,1,1,0.9496626853942871
ed171977-7b3b-1aba-d64f-6ebf73131cb0,1,1,0.9998237490653992
1192ebc7-3872-d9b7-613a-278f93ebe9be,1,1,0.9998347759246826
3ec99035-79d1-87fb-a087-139d162f94bc,1,1,0.999765932559967
1a03a5f1-37f5-0042-f322-dd5c19bdd526,0,0,0.00027366375434212387
744058d9-32f9-e326-769a-b4ed215f5e9d,1,1,0.9998354911804199
1c0e59fe-cd05-c50f-bdec-5f278a80f3b2,0,0,0.004381154663860798
ad1ccf23-2e88-ebb8-695d-ecf4d24a76de,1,1,0.9998291730880737
eb9286bf-c2c0-6016-f9f5-0525b26f6e94,1,1,0.9998296499252319
15e79c7c-0142-6363-f2f1-18dd5bb15175,0,0,0.00043550474219955504
0415e679-035f-1dbb-6b63-824ba1b61cc3,0,1,0.4103201627731323
031a3468-79d2-d392-1f28-22a4f57eb072,1,1,0.9996284246444702
2cd1e7e0-4830-f2a7-94e4-1b494c1cf716,0,0,0.00025895374710671604
0ccf9ae9-1220-e732-e959-13066c5992d4,1,1,0.9755963683128357
8d876f2e-a832-091a-cdc4-f8b4bd60d727,0,0,0.0003060303279198706
c9bc6ccf-46ac-2627-1d1d-325b229d8ab3,0,1,0.46106794476509094
2d85da03-2310-cc1c-edfb-6ab6dcd10a5a,0,0,0.0019207489676773548
71608606-02f4-c143-63b3-02546a42ec67,1,1,0.9996339082717896
db92ccb1-2f4c-89e7-3df5-96ac6d5aba68,1,1,0.9998229146003723
a0a42e1d-198c-36a0-2bab-b7edd652e1e9,0,0,0.00034820998553186655
681793ff-1284-a928-f83c-5d7a8119d95a,1,1,0.9995425939559937
6d51e36c-0e59-9fc7-cf50-157d6d8bbca9,0,0,0.00018139975145459175
e6f74281-e9b8-8347-692c-d6664d42046c,1,1,0.8853783011436462
1b0c0c08-629a-2674-a611-a1eb00cc9629,0,0,0.00041777550359256566
238990f8-e10d-b3f5-a101-c0369dd3d2cf,1,1,0.9998070597648621
c121b3ca-bde8-1b10-b141-4e812dac5724,0,0,0.0003614863089751452
d018d784-1514-65d5-6a26-3895c1ae8fb9,1,1,0.9424195885658264
81156be3-bc2b-9571-d45f-a452ca09cdb6,0,0,0.009569481015205383
d5d59ee5-ef19-4667-b412-32778f25de1e,0,0,0.0002847841533366591
e960e94d-ef27-0042-95f3-ac767eaf5f38,1,1,0.9998313188552856
e27bbff6-2f93-6f15-294f-7edcfdd0b53d,0,0,0.0007567103602923453
43e871c8-228e-2758-eb88-7442b376f15c,0,0,0.0002895258367061615
03881025-f10d-842c-7fcd-127e11478a13,1,1,0.9995331764221191
8f18247d-960a-6cde-b153-4e6bebea4ddc,0,0,0.0005264991777949035
a30abbd9-af45-323f-8eab-457d4deba9d7,1,1,0.9998326301574707
370767fb-7caa-fbb5-8eb3-0c8ebde358ce,1,1,0.9998014569282532
b5b24022-0653-3db9-6f83-3d0b87ca5f98,1,1,0.7494680285453796
d3e15d38-2da0-03c9-2e5c-e0f70257b210,1,1,0.9998218417167664
7dc81db4-3365-d8bd-d890-6f98a760c1b0,0,0,0.00018229878332931548
d563195f-6829-645f-3955-b928cbd46a69,0,0,0.00037658927612937987
6b8e592f-0774-300f-807c-8ef0f4dbb3c3,1,1,0.9998304843902588
51e81654-5805-5dee-c082-22bc0b01f1a2,0,0,0.0039841048419475555
0799e84e-d62a-b373-e6c8-24315c968b91,0,1,0.4728122055530548
1635ef7e-98f7-12e9-1284-56382c6908c7,0,0,0.00032924089464358985
7e4ac450-6ed0-6113-56bf-fe65b210a71f,0,0,0.0003931376268155873
4a951fb2-4c47-0884-4d5a-394816f989e0,0,0,0.0007773256511427462
644f4087-903e-0066-e62a-23ccaff4b591,0,0,0.0013301597209647298
a65cb7a1-4c29-c4a5-41ce-410ca72b29a0,1,1,0.999754011631012
ea686852-b89b-2296-3c1f-4e77fa0975c3,0,0,0.0004960243823006749
8ab14cd9-8809-747b-320a-d7f7f72b7755,1,1,0.9998284578323364
648ec348-9845-322b-7705-21d2cc41cc2d,0,0,0.002400086261332035
04c06340-0c27-7fc7-63c0-e39574311ce5,0,0,0.0006361097330227494
cb06ba78-a9bf-181f-9254-ea91214838a3,1,1,0.9998328685760498
3f6e8c77-c003-3222-4d7b-3a8fc1d60b92,0,1,0.34718143939971924
cdc5a2d4-a7eb-9d4a-21ff-42b6289540e9,0,0,0.000502546492498368
eff77201-6603-1a3f-19af-f2b835a30ec4,0,0,0.0005329207051545382
515bba89-721a-05f6-79d6-6b5c8384effa,0,0,0.0009446038166061044
a17fef1d-aa42-f643-428c-16516af0e669,0,0,0.00022815531701780856
f111e52d-97ba-9cc9-760c-f36322ca8af5,0,0,0.0009704890544526279
a17ac6aa-1cfb-e854-5f6e-8392660a0052,1,1,0.9997177720069885
28945b26-f4f9-6d75-4e89-d8edde7fc645,0,1,0.005198859144002199
5825ade4-0153-f327-88a3-bd0a946376f2,0,0,0.0002155195252271369
ba5170a2-31d9-2122-f6fb-23bc19d0e666,1,1,0.9993758797645569
a72f0ba8-d25c-f9de-4f9c-5198c4c82882,0,0,0.040946733206510544
b6c64e66-3b7a-211d-5f04-d6c2ad551e49,1,1,0.9998304843902588
425c3387-f379-2cb1-4072-e4b44cf87881,0,0,0.376356840133667
45245049-b789-9465-9f44-3792cd14d4b4,1,1,0.9981226325035095
cfc90689-7fad-aee3-4ec7-e5ccfb6e6165,1,1,0.9976176619529724
a8fa371f-cbdc-8227-3d5c-e6c421a309d2,0,0,0.0003048340731766075
05d1f27a-eff4-0e6d-4324-e5a7273eec27,1,1,0.999826967716217
23c1dd60-c6c8-d76b-e396-3d31011299f5,1,1,0.9997755885124207
6b8f64c1-d1b8-657b-01d5-1b34495ca061,0,0,0.0006110070971772075
a61b2b54-3b47-3109-b1d3-cb7783bd1ca8,1,1,0.9998388290405273
15027462-c451-b872-e469-8be58a2ce363,1,1,0.9998334646224976
3a144d73-9f6c-ce43-8ec4-d6a314850e1f,1,1,0.9990131855010986
7a5f78f2-8b78-cec4-8c4b-4f0e5af9293f,0,0,0.00031114963348954916
61a2a996-e295-a9fa-c040-f24fee171ecd,0,0,0.0003733743214979768
4920e6d9-01a3-30b2-5cc9-23ec81e2ef88,1,1,0.9943974018096924
f3b70009-e23e-9eaa-9032-f046294c23d5,0,0,0.0002699041797313839
b4e0db7f-c871-edb3-3056-67d43fc8a026,0,0,0.0004430300905369222
3016f280-db5d-3417-5097-5f76a62ed69f,1,1,0.6866528391838074
80d954fc-95f3-ac5b-7ead-ca8b6b8c62fb,0,0,0.0005223348271101713
e07aa169-9e50-8139-350b-dbcb3a21fc46,1,1,0.9998056292533875
ea34045d-a799-bb4d-11e5-7defa9f98403,1,1,0.9990467429161072
76de5edc-4b8b-2f30-1416-1bfdf245dab3,1,1,0.9998264908790588
445cc59d-65d4-100f-a571-51dadf3cfd69,0,0,0.00019974132010247558
d575db65-82d0-8ee0-e655-4e35fc33fd3d,1,1,0.9998435974121094
f53935bd-112d-cbef-371e-fcb8676aa746,0,0,0.00029956005164422095
23f70889-2575-64cb-3c3b-8b47758950bb,0,0,0.00035221874713897705
e8c84f20-41d3-a8a4-388e-6b5ddef7a8fc,0,0,0.00024327461142092943
4add4efe-15a7-111d-e5a8-bf0c572dccf8,0,0,0.000590866431593895
9032d553-d266-7a59-47ba-2527e8a61ab4,0,0,0.00025502004427835345
3641a442-c30e-6793-770d-524129784b6c,0,0,0.0017630718648433685
883dab05-c3f0-dc0f-242f-78e958264129,0,0,0.00026363341021351516
38855df8-3a88-af42-7145-fda0319006d3,1,1,0.9997740387916565
12a6bc14-d500-b639-e498-d8e92236c5c2,1,1,0.9998365640640259
1e5a9cdb-b89e-c3b3-c004-6bb1b126bd10,1,1,0.9998273849487305
8425acbb-cd8b-729e-2f1e-7731bb4726e3,1,1,0.9998345375061035
59acc35a-d6ba-71aa-b707-fb1e212f394f,1,1,0.9997467398643494
5cdf6767-1703-f61c-8953-5042688abeb8,0,0,0.008430561982095242
e6244be9-fc62-d6d9-5828-75332487b60c,1,1,0.9995613694190979
e198fd6f-72d7-b848-601d-bd10a74b6dd5,1,1,0.9934054613113403
8521b14d-8380-6c36-43aa-1b65f007c7fb,0,1,0.005937949754297733
0ba2b52d-76d7-fa0e-071c-e4af3cbfa1eb,1,1,0.9996907711029053
401289fc-57bc-296d-ac9e-74e0d819c28a,0,0,0.00045182870235294104
0db44dd1-7b50-436d-0ff6-1c329288a10e,0,0,0.0003844491147901863
5218f68b-c273-3196-cf1f-7078d76f0adf,1,1,0.9998317956924438
ec1a9d06-4bbf-172d-2167-3c6815f618f7,0,0,0.1715228259563446
2c3182d4-e402-f442-43c7-c2d5826f8282,0,0,0.00015269771392922848
222f207c-d574-295a-dd0e-2f7b00ac4687,0,0,0.000754111330024898
d34a0846-f7d9-009c-e9fb-68ae0d51758f,1,1,0.9998266100883484
e51f89c8-f51f-cfda-a59d-5b7a019fad5a,0,0,0.00032047388958744705
2a452900-2b3c-d0d4-30af-815f41ed33ab,1,1,0.9998319149017334
f165a3b7-1f7d-bcd9-1943-e3bc649fe7c7,0,0,0.0002836087660398334
7a40afe1-caad-0735-1067-a25b91417cd6,0,0,0.002922278130427003
a24279dc-dffb-f851-d48c-b2210c774500,0,0,0.0012205675011500716
6276b4a8-d73c-5eb0-dcdd-90120bacc961,0,0,0.0012940556043758988
326e0885-5ad3-2059-7886-32ca9ddb6681,0,0,0.00039117809501476586
c5aa8755-6926-8b32-7898-8107b9afe546,1,1,0.9998334646224976
9de569b6-6c90-aed0-712a-cb50147ef01e,1,1,0.9998286962509155
f3ffac47-5c68-cf4a-cc7c-e7b030436f26,0,0,0.0006778431124985218
344cc8f2-2241-685e-f1f8-f034a8ba2dcc,0,0,0.0028113776352256536
e244723a-9be7-6e56-4ea5-948b824bd4af,0,0,0.0013764709001407027
b3f8dba2-c12b-294a-55f0-c18a5d68cff9,0,0,0.0008441246463917196
9ecad2b6-9576-3ff8-07c1-49bd63d303e7,0,0,0.0002661445178091526
b82a4320-c15b-472a-3134-1faf2a669e9a,0,0,0.0004190978070255369
57848c8c-53f5-f84a-2665-b8a308a314b9,1,1,0.999845027923584
e499765d-fe85-917f-6d7c-bcfd90196ac1,1,1,0.9997988343238831
322e337f-cd32-a513-ffc7-4a82457c41d4,1,1,0.9997307658195496
876c0c77-ff49-878e-8982-dab94ce96bba,0,0,0.008739429526031017
f12b7b4b-7190-6889-6a72-9fb256e576b3,1,1,0.9997745156288147
b00d3cf5-a3d9-ed22-3eba-98167dca5b82,1,1,0.995154857635498
5ed87a3f-6cff-bfc8-fee1-fe4bd81f0c85,1,1,0.9998347759246826
cab8478f-7758-d06b-70ab-8de03d219296,1,1,0.9975455403327942
d72db15b-6ec1-c462-9695-000e588aa97a,0,0,0.0009205122478306293
a96c43d3-0404-8028-7455-c7cd2b0dba8e,0,0,0.0001655741361901164
b02ffa4b-f755-dd10-2487-404d5a606204,1,1,0.9995843768119812
2bd6d6c9-3a22-b6c3-4f90-1ee8c2beacfd,1,1,0.9998304843902588
655e702c-523e-dc5b-c7b0-809498ced93b,0,0,0.0005066902376711369
d95c269f-37c5-4635-4bb1-d9087fb65062,0,1,0.23115071654319763
22d2c2e3-40b6-8238-efaa-e2a75e21d54d,0,0,0.0022914186120033264
5d3040e7-538b-bb1c-29e0-9ac0d7f9bf4f,1,1,0.9998050332069397
7853222d-6ccb-85aa-6f7b-7b3a420f0006,0,0,0.0002470622712280601
726d3c61-6726-3fac-41db-d36ec9a9c4db,1,1,0.9998103976249695
d7afdf4b-d7ad-1c16-bf88-b4fd15729def,0,0,0.00023884416441433132
bc4eec08-38dd-c970-3182-158ef63d35ec,0,0,0.00035505476989783347
3c066494-79dd-6737-4ac3-911d7080bf25,0,0,0.000423126999521628
d895854d-f869-95fe-ee9a-4d4d5df8c77d,0,0,0.0003308916056994349
1b5ab9f8-165a-9e9a-1ae4-2d9f495bb520,1,1,0.9932639598846436
23a78a8c-20a2-1ea9-3d5f-c2721afaabff,1,1,0.9997691512107849
c05815d8-6000-4d06-5c59-c802a0da47de,1,1,0.9998281002044678
f4673951-66d3-9349-2e13-847db92bdd15,1,1,0.9997057318687439
17357e21-58cd-c279-a79f-ba3a2e1c67ea,1,1,0.8224735260009766
15741b0b-6282-7002-4d11-f6cbe778a58f,0,0,0.00497705303132534
bcbd76d4-f758-f42b-08b8-002e00c62383,0,0,0.00032477566855959594
fd282eb7-5c80-4edb-7fd4-6a52b0878192,0,0,0.00088826275896281
cdd98eb8-a0c6-0444-f233-3092ea6df8d1,0,0,0.0010977752972394228
58288be5-ae15-ea48-1bb9-d49f2b3e4384,0,0,0.0002967626496683806
cf3bb037-0cb7-a4d9-ee3c-60360db1eaec,0,0,0.0004432173736859113
4f6b160a-ba5b-ebd1-11ba-1d795d32ad35,0,0,0.0022685686126351357
0271b174-15d9-63c9-d424-7cf3dd940796,0,0,0.000366778316674754
2a2e2979-25dd-08e6-85b0-7bee20a2c6aa,1,1,0.927298367023468
83d38308-0e30-b0ed-653e-05023d467657,0,0,0.0016375663690268993
3f8dd954-0386-38d4-d3c5-c5a88b36f0c5,0,0,0.0004911966971121728
33f87332-8ae8-df3a-cbb6-76399425a050,0,0,0.0003166273236274719
56a0ae38-d52b-8362-c497-e21805ee3071,0,0,0.001096214633435011
b7f45e5d-5eee-a896-7a57-2033f17e1967,0,0,0.0005585062899626791
cb5f3922-d4af-2599-f14e-6a60cbffcd71,1,1,0.9909998774528503
f909937c-1383-bddb-e77a-10a9fb5e3687,1,1,0.9997171759605408
22a2ff8c-acbb-4372-f785-fd0a4034899a,0,0,0.0038648026529699564
27d918ce-c24c-ad8e-1aaa-710557f083e1,1,1,0.9997033476829529
1ccc0980-373a-d5d3-ec31-87a58d64377d,1,1,0.9998365640640259
531b079c-4af4-4ecc-4559-4e4656ed06d5,1,1,0.9998297691345215
e2ebbbb2-18c6-04db-5408-b957bbe0b81c,1,1,0.9998278617858887
27384a1a-ac2d-c807-6a77-1b2b9112cdc2,0,0,0.00047561555402353406
39198e30-f576-e64d-575f-222cada10976,1,1,0.9997794032096863
2dffe6ae-61bf-9446-4145-81dc67915706,0,0,0.0009352789493277669
de30d024-3e45-2528-f998-16ef34bb4821,0,0,0.0011892771581187844
bb8e908b-c446-b41e-d3c5-32eb860c38a2,1,1,0.9998264908790588
8ec15653-539c-dcac-7e3d-ba5ed24ede52,0,0,0.00039389723679050803
8c9338ce-46f4-c2f2-1b17-8c90848a0f0b,0,0,0.0014917103108018637
771cfc68-7d2d-cd4e-e037-f19a02ddec90,0,1,0.26716148853302
2bdfe0d5-4576-e925-a4b3-5aab7015968a,0,0,0.00034325977321714163
d87bacee-1c33-e3de-8596-650eda61725c,1,1,0.9996989965438843
163cff70-3fb3-8c13-5e59-728de0700f3c,0,0,0.00033384133712388575
282c4f64-5c23-8e66-2747-232fb6974286,1,0,0.6675219535827637
6aacb69e-d350-593b-5f45-406a0d333149,0,0,0.0005749313859269023
d04b8a78-c47c-7d32-74ad-a46962d9e295,0,0,0.00037209177389740944
1c39b5bb-e7f2-555c-f0c6-4cf35d675512,0,0,0.00027294145547784865
89a1125b-f772-0397-6678-2e44460f9ad7,1,1,0.998336672782898
bf17fe36-625b-7a49-4f21-f68ba24ddfc4,0,0,0.00029157515382394195
64917076-8fc9-59a4-288a-f0478e82a9e7,0,0,0.0002254256105516106
c59a5c8f-4708-3bab-58c2-c1c75d9cc632,1,1,0.9998235106468201
4a64749f-fb33-9801-eb31-558e2771a801,0,0,0.0007634359644725919
0f68577c-4e4f-7cd1-7934-00126ccc200c,0,0,0.00022631628962699324
6f56aa84-41e4-bff5-0434-6542d6e29c87,1,1,0.9919984936714172
2210e70e-9f77-cee0-4ed4-bf2af900e060,1,1,0.9998051524162292
13c0a980-7d99-b273-bcc1-2186788c1e40,1,1,0.9997652173042297
8d35bc10-421b-70bf-798a-16bd4d9aadc1,0,0,0.0003365468292031437
e5b7b187-19a9-3275-186f-da6b850c0fd3,1,1,0.999764621257782
cb2a6035-09cf-ba94-7e79-df8fb1c441a9,1,1,0.9998281002044678
4558af74-58e6-1803-1053-b871298ad8c6,0,1,0.06286738812923431
a0897110-91c3-1066-b594-bd129c3ee461,0,0,0.00040381154394708574
6788247e-cf15-9137-628d-7dc5d47e774b,1,1,0.9998300075531006
25d1fe26-ed1d-5cdf-1d7b-988a77f0a9c8,1,1,0.9997716546058655
3347fbd8-6203-6f77-6a6b-953403ff00d1,0,0,0.00045283380313776433
e80aa9ac-2798-cb4a-f5f3-e878b7151657,1,1,0.6547490358352661
d3d6c706-1360-16db-f319-13ba43f0dd40,0,0,0.00448751961812377
811d5be7-3931-29c5-028b-f8f3f7f450d0,1,1,0.9998254179954529
453bc262-7e13-1ea4-7eb4-33d2af5bb8fc,1,1,0.9990026354789734
89fa3262-0a3c-f123-68a4-521fbbbe81b6,1,1,0.9998316764831543
1b029b74-afb5-442a-2106-3f3ffafe176c,1,1,0.9998278617858887
a4777f57-71fe-56a0-7612-393c8691c0f5,0,0,0.00016462849453091621
9bf714cf-45ff-685d-ed83-b4e8f638b6a8,0,0,0.0407736599445343
73a679a2-38d5-f359-e5da-55ac61d0ff6a,0,0,0.000227720636758022
4d9a591e-ebb8-77d0-cf0f-fd966ce6aed4,1,1,0.9998329877853394
7f4334b1-167c-acef-c740-a1eb5773e67a,0,0,0.003926167264580727
4c7d4bac-ab99-dafc-1f34-a0ef67ef3e41,1,1,0.996048629283905
9318368f-0082-4be0-a88a-02447f36d8ec,0,0,0.00019170476298313588
b1006f63-5b37-2589-cf6b-884c720e71fc,1,1,0.9998291730880737
417928c3-7e0b-e205-757c-b1ce986fc06f,0,0,0.00016235001385211945
7b4cfcac-0f98-9716-4d7f-bdc89fbef848,0,1,0.3603132963180542
81ba777f-bec3-3436-d2bb-cfecb450b9dc,0,0,0.0013084457023069263
68f375d0-125c-17e7-a078-87b33eae8231,1,1,0.9998337030410767
03f31471-f5aa-a2d7-28d9-881e03f4a2dd,1,1,0.9998313188552856
675fe7b5-735f-1ff5-a2e8-01ff095add61,1,1,0.9982367753982544
4391ec80-9328-d31e-58cf-58162533b106,1,1,0.9974418878555298
a36d02c0-f057-3e0f-6e8b-571c50aae116,1,1,0.9998327493667603
cda3d7f8-6ec0-eade-e4c1-cb0baffffbca,0,0,0.01871452108025551
ac94db4f-d87e-0673-de2f-849d04c1b8a8,0,0,0.00029439947684295475
54b58ea5-0b3c-4e4a-13d0-024f80834ffa,1,1,0.9994451403617859
473b8b58-53a4-0b2e-2dbd-e2d180316446,0,1,0.0013648311141878366
7b83272c-d355-9ad2-c316-9c4bee12f186,1,1,0.9997580647468567
bd1e83a7-3683-d001-55e9-579645e3eb03,1,0,0.7453697919845581
f72430d4-35cb-b49d-059f-3fa5c10c244c,1,1,0.8877289295196533
f243cf93-9aac-60fc-7ea9-b5aadcf02f4a,0,0,0.00046597441541962326
060b10b1-1f3b-093b-66f5-9490c6e7417d,0,0,0.0008724020444788039
94017119-0deb-f440-1402-c9b214bb7ed9,1,1,0.9998331069946289
86541279-3412-f852-d420-bcff713f62e1,0,0,0.002245668787509203
7aaf14cc-f5b1-355c-8a04-8ea8c021fd28,1,1,0.9246461391448975
6e162f33-87b7-8332-e2c7-85f99ddfdb86,1,1,0.9877570867538452
bc1f4d9f-1970-208a-9d46-84de2b312b08,0,1,0.31775596737861633
039e5b1e-82ef-80d4-43f0-877e08c1da77,1,0,0.6360506415367126
4a0a6750-b311-5841-8f6b-bee7c572fb97,1,1,0.9997995495796204
c40d3200-3897-84d4-e18a-6e3cd586f82f,1,1,0.9991893172264099
b5bb647b-9d13-16f3-0251-a0969321b3f0,1,1,0.9998316764831543
533b1f7b-d4c2-8ea0-cbe3-29c08734f6c3,1,1,0.9998466968536377
0c6f92fc-1bdc-23a7-b303-364df5dd5d1c,0,0,0.0001756219717208296
0ef19291-e535-b465-804b-b74bba2b42e2,0,0,0.00032539767562411726
bd97431e-864a-5b33-6216-e8555640f839,1,1,0.9836230874061584
3fa4c6cf-248f-263b-5627-b6a2ff676610,1,1,0.9997460246086121
e020419c-9bd8-9a61-a594-23f04d4e3058,1,1,0.637255072593689
7750c5df-f85a-1c43-3a1d-484263ce683e,0,0,0.0003252171736676246
fe4e3131-024e-1403-c58c-5f9c94e7421c,0,0,0.0005155835533514619
d705e9a6-272a-a124-17c4-fa625c9702b9,1,1,0.9998028874397278
4f76090d-360d-a49e-b88a-852c8bbaf08e,1,1,0.9998158812522888
2d8130d9-4f0c-d3ff-e476-acc241494943,0,0,0.00043539435137063265
9f020cee-ea3a-53f6-c7ad-9519bce8bc71,1,1,0.9998248219490051
e2675555-d50a-330a-6d97-64ac65be94fd,1,1,0.999562680721283
04d3dd67-2a2a-1931-21e2-52a647160f94,1,1,0.9851943850517273
f6d75af8-2952-2d65-cbd8-8e1307bd241e,1,1,0.9954049587249756
2cb845da-46e3-9d54-9ab8-0b5c2e3ba56f,0,0,0.0005274920258671045
9c0e90d4-3200-2466-acfb-c28b0d6f1b44,1,1,0.9998273849487305
b0523816-c098-0e5f-bfdd-1f49b60d15db,0,0,0.0007237062673084438
50d1b1c7-40ec-e980-eefa-64a0685b28ae,1,1,0.9998016953468323
12a640c1-d991-a846-26bf-f7ea622149c9,1,0,0.9706849455833435
7ac8974b-2458-4627-71a0-8214384b88e1,1,1,0.8989863395690918
5719110a-9971-39ec-9b0a-82f281f5a0eb,1,1,0.999617338180542
459822d4-434f-5090-5bcd-5cad52071a3e,1,1,0.9998340606689453
f369ceaa-2b02-6d46-1bf0-90b158234706,0,0,0.0007489438867196441
7bee67fc-db82-0e20-e674-9cc796e359b3,0,0,0.00022994435857981443
4d4540b7-4dde-a100-ca78-0939aca20863,1,1,0.9991819262504578
7ddb55ce-2a12-12ff-8f0e-a5b1a0260556,0,0,0.002140825381502509
af940b58-e582-8adf-01c8-769d88585946,1,1,0.9997807145118713
4f13777a-9fb4-fc40-9c79-d6c902ae32dc,0,0,0.0008245171047747135
ea6d1370-fa91-7f50-2b28-0602870c6fc6,1,1,0.9976122379302979
767b7478-e695-c225-a6a2-12fadcf9764d,0,0,0.0004791542887687683
674c3e90-fe29-e4c8-1db6-9ffef7338dd6,0,0,0.0002808341523632407
b24ac03e-9a87-c1b1-5dd6-5779f5f78ae8,1,1,0.9998082518577576
3c56a5aa-73b7-adbc-8a9e-d61dc93433ae,0,0,0.0007859868346713483
ece141a8-3428-0da2-455a-1c7e0da65674,0,0,0.00043640827061608434
11eedcf9-a2b7-c4e4-48fb-cd61d626e95b,0,1,0.2428353875875473
b4961f1f-0d2f-6bda-6035-2102e94bfd7d,0,1,0.2227446436882019
0776b18e-6dad-95e6-0d1a-31f2d57db5b2,0,0,0.0010398023296147585
999061a4-874d-14f1-be78-bd7bb9147920,1,1,0.9998202919960022
5c2a4341-da87-ec46-5861-f240bf42fc0a,1,1,0.9998347759246826
d2c57baf-660b-2f44-689c-d3f4f36a3aa9,0,0,0.0003053000255022198
96614584-950f-3b66-5da1-d179681ef681,0,1,0.0004271156794857234
4af87e26-46b8-5d4b-5902-7f228205ca79,0,0,0.038453299552202225
d50d2cdc-923a-08bd-2dff-aa83a2d79e8f,1,1,0.9958393573760986
34450d85-3065-afc4-a73f-67f7c66dd2fb,1,1,0.9998328685760498
6b1716f9-c4b1-f3a9-5345-d58f990bda43,1,1,0.9998193383216858
fcde3e7d-39f5-ed19-3519-967e5c64005c,1,1,0.9997679591178894
8a9f506c-5fe3-4a87-4aae-fd12d3b6fd91,0,0,0.0978185385465622
1481fafb-794d-05fb-dcc6-6188325bc199,1,1,0.999748170375824
57286a06-52fd-b1c8-5bed-6215f5ceb482,0,0,0.0006105065112933517
cf3634ce-d145-fe51-e7b2-1ff4f7415a11,1,1,0.9997981190681458
360b62a1-1695-1131-10e4-48e1da173e55,1,1,0.9948574304580688
eb08a7a4-1a69-4c26-3f37-49f0ada46a3d,0,0,0.0005246538785286248
16040f6e-6d13-bd14-da9b-c7731546f28d,0,0,0.00022830741363577545
e4a42765-30f0-eed7-6da8-6eb0d3367d07,0,0,0.00048792874440550804
330cd53f-f3e6-428a-ffef-bc0d23b56970,0,0,0.0003745202557183802
a1e0eb73-765a-632d-c101-4a9b97ad4716,0,0,0.1169484481215477
d9f375a2-a515-3e28-9596-b0c3bb9bab85,0,0,0.00031743067665956914
2fe6a86c-31dd-d632-b6a2-88f7f9a9a662,1,1,0.9997226595878601
99e689f6-9744-e965-6cac-0b1eb9263904,0,0,0.0025052856653928757
585b7828-942a-0514-a8a2-eae2ee3cad3e,1,1,0.9997937083244324
4ecead7a-b6cb-3edf-0b72-59b67d693083,0,0,0.00023237620189320296
9a786f8b-5d6f-b04e-238e-525461d7ebaa,1,1,0.9991613626480103
8f80ecd3-1562-277e-123a-7f54f35ae13d,0,0,0.0006277415668591857
c7bec035-6dcd-dfe2-133e-2946adacb14b,1,1,0.9966283440589905
8733c80e-077b-1951-428a-faf1fd84a47b,0,0,0.0003075257409363985
ac1d1b15-b25d-3ef5-de1c-0ec3de2d7928,1,1,0.9993807077407837
23893cf8-c11d-693b-558f-a4d2bdd11665,0,0,0.00026183310546912253
24f8ffe9-646e-d55a-48bb-a65104dc4273,0,0,0.0020193459931761026
f6feabdd-9108-630b-41d5-c64f3173ff53,0,1,0.3612000346183777
de79ebd1-fc40-e8df-4997-595fe3e81fb2,0,0,0.0021351855248212814
350a4301-0818-d577-0947-043cb5d3f5d5,0,0,0.0002731801650952548
c6609174-bd8b-cadb-9c61-bf982188fcc6,1,1,0.999748170375824
8558ab20-3d31-f8fb-c332-98d4e0ab50df,1,1,0.999832272529602
fc8ac299-10a6-8c9b-dbf8-7d321804b2d9,1,1,0.9998267292976379
e9a349ca-9407-fe9d-2e31-c6cad57dd9a5,0,0,0.0005905834259465337
03383edd-7354-4aa5-eb84-c0a62180625e,0,0,0.0007505785906687379
ef4335db-c95b-1cfa-f006-1e6179ab68bc,1,0,0.9733964800834656
f991b500-5661-d449-aa4f-a67acd9c3d86,0,0,0.0003438411222305149
059d9082-a312-2b10-ed7c-fa534ef9f9f5,1,1,0.6904811859130859
a696b73b-229f-1a9a-c1e1-cfa3f33577a6,1,1,0.9290734529495239
f271450a-af41-6203-4dbc-f90bdd164fc2,0,0,0.00241094664670527
529317a0-2865-0e28-07dc-4ef893e9ae18,0,0,0.00040860421722754836
168949f4-5c4d-dc4d-02bf-4e6e99a840f8,0,0,0.00048805808182805777
1233db4b-b684-deb4-e20b-867cfc1e1b7e,1,1,0.9998288154602051
bf82a778-49b8-5110-78b2-06d496a5d187,0,0,0.0009402775904163718
d266c1c0-b782-e23c-bd3c-df07fca0c52b,1,1,0.9998231530189514
f9dcdb62-2999-330a-cb81-35274efedb5c,1,0,0.6837038397789001
6a7b05ca-dcdd-bba1-6a0d-fc827ed8362b,1,1,0.9294672012329102
cbf4e955-ea92-bf00-7c7a-5d67ea6fa692,0,0,0.00027747804415412247
4c050a4c-4c42-712a-a2b4-1df2f99f17bf,0,0,0.005989929661154747
7a957cd5-696a-7c8f-7d69-e0de58eb59ee,1,1,0.9998346567153931
066ba7c7-911c-4931-77d4-559ccd06e18f,1,1,0.9942142367362976
01b50d20-972d-c36f-8ecd-dc22c6701e5c,0,0,0.0017319252947345376
6475ccab-6700-c091-637b-5fa1ab10a6e3,0,0,0.00040990649722516537
f7de7254-2c6c-d565-9e87-26bb439c07a3,1,1,0.999625563621521
5661028e-3202-416b-8c0e-4bae687fa495,0,0,0.0002352537849219516
0e89f1fc-f27a-697f-1a71-e8873aeea2e2,0,0,0.0001986174174817279
23cedfcd-18f8-a68d-bc27-c4d8f64d1979,1,1,0.9998308420181274
bb91b0f4-ae44-c7e5-1ff7-d874018bcb0f,1,1,0.9998296499252319
a4ca4ec7-19df-6b7e-7cbd-22d3d6a89188,0,0,0.00020169724302832037
3d5be563-ab16-6e52-fe3d-4cc9c7474352,0,0,0.0005895980866625905
31955de5-ab24-fc21-2dae-ef59284f0b2d,1,1,0.9953356385231018
eab406b9-cdff-c1f5-4903-582d43c8a9f8,0,0,0.00039970208308659494
d12a88e1-542a-1a92-387d-80f8ae92e750,1,1,0.9998279809951782
c34078c4-06ab-4170-7ced-17d5188b0db9,0,0,0.00038724864134564996
d2fad594-7ea4-7f6f-80ba-bad4687c1c89,0,0,0.0010257589165121317
7b645163-6ae9-60cf-7774-93594f1d5fc5,1,1,0.999832272529602
a120b23c-bd6e-3b98-d6fa-722926200fde,0,0,0.00021621726045850664
4d61ab8e-8b7b-00c4-ba94-c53fe3b1c457,1,1,0.9997953772544861
32b4196e-f3f2-b76e-d144-f1d2f02a2f2a,0,0,0.0002894562785513699
9df36c10-dd69-1107-d9c7-d7f8c9b75ebd,1,1,0.9997875094413757
6c00e15d-64a2-0e4d-a1ec-2fada5b51697,0,1,0.2740956246852875
58c53bdd-a2bd-522f-6593-2aed89c7966b,0,0,0.0001791428803699091
e604538f-488c-b226-6264-470814bb6f37,1,1,0.9998328685760498
c0e6827c-77c7-4ba7-c67c-b80cd8369ca3,1,1,0.9998347759246826
e0221ce6-08f1-ed7c-c84a-6e5e12854227,0,0,0.001147315721027553
54b57561-e9df-dd56-4042-582bdcf597b9,1,1,0.9994346499443054
a0413871-8c19-2fc4-3f37-aafe745833bf,0,0,0.0004908873233944178
795a3472-326f-1690-7686-a9fc78af1249,0,0,0.0009062323370017111
fcf37c86-3e2d-3df2-e197-7874bf01e437,1,1,0.9998335838317871
4b8099f5-152b-85fc-19e4-dc5ff83a0baa,1,1,0.9987474679946899
fce7f3a9-5077-da4d-b49d-15fd97511d73,1,1,0.9998311996459961
1525517a-9dfb-f4fc-68a8-e32f0725e81b,0,0,0.0005073547945357859
148e2178-f94e-be59-c35d-9f70f076b2ff,0,0,0.00025968285626731813
28611b49-36b3-9b78-a0e0-717c89618e62,0,0,0.0003754765202756971
1abade2c-e5f6-b261-bcab-ce50ee2e40d6,0,0,0.00023284061171580106
169d3904-7282-fb1b-a4ff-a71b62ab44b6,0,0,0.0107516935095191
1ce1c5ee-e86c-3234-1783-40ed04fb908b,0,0,0.00020980046247132123
0db5a8ec-feab-b321-791d-5b39a43bf577,0,0,0.00018324196571484208
87711576-2bfb-8db0-3338-04fe33886b5a,0,0,0.008059666492044926
a7975caa-2089-93b6-14fc-d8309d9f5af8,1,1,0.9998424053192139
39021eb1-f7a0-328d-bd43-d91986b96f8d,1,1,0.9972521662712097
695d77f2-b8a6-fe6a-b507-7028b7011b1f,1,1,0.9998267292976379
06d68eaf-0b20-ab67-9179-fa8d52db7ec5,1,1,0.999751627445221
a56125da-bcab-dfc6-47af-0d1a7fd13dc7,0,0,0.0012715492630377412
49aae07c-6023-512d-d459-0da4cfabea88,0,0,0.0007626619189977646
7d8b3c1a-05bd-e3c5-339c-b9f8c67055bd,0,1,0.48297685384750366
0152c7a9-156f-a402-ab46-95b1001ff444,0,0,0.0003716824285220355
15c7ff76-2303-a7cd-3d4a-7d247886e500,1,1,0.9998273849487305
98666341-fd50-6ac2-c4f0-4e24138ca18f,1,1,0.9998316764831543
4b619b0a-9423-a4b6-6fc1-63dfc3efc9c8,0,0,0.0024727657437324524
bd6161e1-544d-7d47-87cf-06cc97148213,0,0,0.001410569529980421
b98ec51e-a693-1813-c62e-32d69f6cd4b8,1,1,0.9870377779006958
a7533f20-f0d6-4989-3b20-7a5886bd6be7,1,1,0.9994603991508484
4eb780eb-c489-88d7-5194-37f29195e9f4,0,0,0.00019443643395788968
955b142a-75f2-ceb5-0906-fccc701ffb18,1,1,0.7664499878883362
64eeed04-9105-750c-d30a-3a351e6f128e,1,1,0.9936874508857727
c1c8df4e-97a6-a503-7961-13d0d9cbb7f3,0,0,0.04348702356219292
7b11a0ec-bb6a-3eef-f977-819b9a0d550b,1,1,0.9993119239807129
3075a797-242b-8845-9e92-5d1bd7cc6c4f,0,0,0.0003128134994767606
b64bf407-3a8e-cb0a-f777-ebb10c197c19,0,0,0.0007059765630401671
71510b5f-eb0c-37bd-e1fa-d85e6eade9e3,1,1,0.9998346567153931
04107843-9897-d810-ce4e-03099d542d97,1,1,0.9998278617858887
bcd36868-3444-bb37-3d06-05bbf69a5ba5,0,0,0.0005852252943441272
377d7f3d-8038-06fb-e292-7d23ccc097eb,0,0,0.00031724281143397093
fab49fc7-55c5-5a4c-48e9-1006e98274f2,1,1,0.9995941519737244
d697269c-6302-b9c3-3f16-ca281fa99050,1,1,0.9998125433921814
9a70d729-9ce1-fe28-6475-58a7d12b3934,0,0,0.002441663760691881
fadf925f-00a9-4ee1-e3be-bb0eea382cc9,0,0,0.0006560795591212809
b16c6e62-5621-429e-c6fa-e2763ded0c6c,1,0,0.7105690836906433
d1157c03-1c29-c637-728d-2e1b4b65bf97,0,0,0.011885820887982845
2c8d8a58-391e-d897-68cd-cec6225a391b,0,0,0.023768795654177666
ceb383b5-16f8-741a-337a-9395d0449edb,1,1,0.9981538653373718
543d3186-70d0-7a71-2a2a-c7ee890d6873,0,0,0.00032288377406075597
f018d463-7724-fb50-031b-c9d896c05e49,0,0,0.0007906921673566103
8f7c4ebd-d273-faf5-a55a-8b2445fabcd2,0,0,0.0003059541922993958
09d4e597-4084-3125-c261-f802b47be29e,1,1,0.9997068047523499
98e5a3c1-de52-0833-8db3-a643cb1f84aa,1,1,0.9998347759246826
e4507ba3-1486-3e4a-921b-faa2319ee87d,1,1,0.9998331069946289
b5e1b1d7-bc87-fb87-397e-c1d5d89d23e1,0,1,0.4629051387310028
22c10af2-3f26-4e2a-5947-4f6a891ec1ee,0,0,0.0008845886331982911
1cf6bf6f-90cc-c58b-18d0-b8b24cacc584,1,1,0.9997794032096863
0122b91b-a65c-1f75-69c0-399d45882b65,0,0,0.0006676847115159035
795ee4cf-2ee2-be6a-8e9f-f7d27c5bedaf,1,1,0.999675989151001
558acd0d-b9b9-b78b-c889-48ed8a1cde12,1,1,0.9799212217330933
bb75a06b-8e68-4602-2d34-5dd9661815e7,0,0,0.001141341170296073
7b316e2d-5d14-258c-4500-9ec3752afcdf,1,1,0.9995866417884827
32f3f22c-f93d-4321-4ace-5606575f47f1,0,0,0.031354889273643494
f2147635-d23c-3303-b107-046bc7d26b55,0,0,0.017004963010549545
0494a209-9b36-4c39-5e58-1ea8ee323581,1,1,0.9993915557861328
fdf5e021-9a05-db16-ba7b-0957c62a9763,1,1,0.9997301697731018
bae44de6-0b5a-aa36-fd63-87efe6182bb9,0,0,0.0006273072795011103
57f22b3b-d66b-a94a-9134-261f044af4a0,1,1,0.9997379183769226
ac394f9d-ba9c-c24b-c619-ef73202e1908,0,0,0.0004903805674985051
66860106-772d-1708-7098-96a28637823c,1,1,0.9964855909347534
2bba8af4-7e75-a531-45a2-e00e6fdeaa13,0,0,0.0003156965831294656
026aec81-f24e-13de-9763-8ebe1bd963dd,0,0,0.0002342280640732497
edaed732-fcbb-14ce-696b-7bf758e94d84,1,1,0.8638094067573547
1ef7cc45-6b3a-e434-7c1d-79c937803539,0,0,0.00022530955902766436
851259d7-a7df-6b78-e419-0c45d88213f9,1,1,0.9998264908790588
4efea325-888a-0b22-4562-ba7211c4e5ae,1,1,0.5701777935028076
c4099dd9-813c-87a4-f897-383bdc4c8c30,1,1,0.999603807926178
60376d73-af40-107c-2dc7-4ce953dd5fa3,1,1,0.9998212456703186
5550793c-39a9-9217-4268-e4c7c1d16781,1,1,0.9998443126678467
746b0e6b-3628-e509-e3ee-248655b7f808,1,1,0.9995817542076111
dd69c577-1930-800c-ba69-8506ace27b79,0,0,0.0022426117211580276
04c6a4e8-735f-39ac-dfe1-5a720e571955,1,1,0.9998300075531006
2281946c-67c8-25cf-b7ea-47e5b708144f,0,0,0.005631656385958195
01ac7eee-d6e3-7251-51fb-fde472be4a6e,0,0,0.00024007682804949582
1129d0bb-bf18-4346-301f-d6d443b09951,0,0,0.001173775759525597
49e7820d-489b-73d6-b14f-63dd46932956,0,1,0.49178677797317505
eab48d8a-c4ea-756d-81b4-f6d2e7f10494,1,1,0.9971231818199158
84a592fb-02c6-922e-d039-8a1de1064321,0,0,0.002058932790532708
abbb5749-a71d-8d82-9cd5-085d4696ed12,0,0,0.0005685431533493102
14f5b7b6-bf92-3775-cf1b-fb0591773a4c,0,0,0.001104973373003304
cf9bd66c-4b18-3649-4cf1-ce175de18ebb,0,0,0.0013102295342832804
b5769ead-3e38-442b-dc52-7d5dd47a25be,0,0,0.0002673693816177547
81b2b106-59d7-51cd-8b93-06cbbf181c82,0,0,0.000993579626083374
b412b470-a51c-3427-d3bf-e9bcfdc61e07,1,1,0.9998220801353455
21cacbe4-879a-ea90-9c13-3807f777c360,0,0,0.00035641383146867156
4ce2af37-31b5-3d17-a5f3-63386c0b0f18,1,1,0.9998295307159424
cd13f88b-2dbf-6d09-639e-695dc3945c01,1,1,0.9998100399971008
7b96dbbd-1828-f0b6-b12b-4822b505cfe5,1,1,0.5827720165252686
c738945a-e552-859d-18cb-10f4a9570706,1,1,0.977483868598938
11afa0a0-c885-5225-7c5e-5339a10de658,0,0,0.0003380760899744928
7b0d8cbe-a6b3-58f0-c127-4601d9cf696d,0,0,0.0011809241259470582
c703a0a0-d674-24e3-26c5-8e3463e3ec43,0,0,0.0010934195015579462
70462fca-46ab-0553-f8a7-0522387d5dd7,1,1,0.9994291663169861
c8f1f992-2e9c-30fc-d74e-bf953f3ae589,1,1,0.9882317185401917
d7e2f929-ecff-8703-d7b9-7bcbbd8a3ed1,0,0,0.00027632960700429976
42dcc400-a018-8562-f2c3-7c7be0485a6d,1,0,0.9783456921577454
495baddc-4dee-94ee-aced-cc7b27505f0d,0,0,0.21451029181480408
16f41d68-e1e0-ae56-1210-2b4b7b634ad4,0,0,0.000256534171057865
115497a5-7027-c8f6-4f28-20dba0ae2e8c,1,1,0.9998304843902588
16e372ea-470c-f0f1-b24a-01f632b92245,0,0,0.00048732824507169425
b8b944f5-a085-3b56-1c5c-ae9bd00f0cce,0,0,0.3782842457294464
6ae5da64-ad6b-1b50-9c74-2dce1aa5e203,1,1,0.9991393089294434
9d02defd-cc2e-cf22-c469-f524882f33e4,1,1,0.999846339225769
165cd600-a1d2-20ea-3655-e45dfdacdbbc,1,0,0.9344850778579712
08dae92f-6c79-4c0f-fb47-86db5ad00868,0,0,0.00037674146005883813
0e01d2bb-e97b-4dc0-4ed1-d86d918acf3f,0,0,0.00023438732023350894
95f8f70f-fdb1-b340-e066-5627cdf49dcc,1,1,0.9996811151504517
278dcb13-762b-abd3-08b0-17cf8faa58c3,0,0,0.002026438945904374
d67e32c7-4c82-a8b2-94c5-6dd9a34d39dd,0,0,0.0006667919224128127
32445b67-3fa6-0a7a-6c8c-c6f472d63614,1,1,0.9957184195518494
c9730aae-cdf2-c813-0f75-627d4aa47400,0,0,0.00020298078015912324
be4a40b8-d358-ba2e-0627-66580b988b06,1,1,0.9998375177383423
4f6c1693-35f7-fea1-3e4e-80bf2a629ad8,0,0,0.00025653321063145995
782bdc1b-978a-fac1-7618-bda63baa735a,1,1,0.9998076558113098
44fd6e6d-43a1-58d5-bc31-0d83917ec8f9,1,1,0.7458423972129822
4cb8589b-62fc-c022-eb0b-55b87f0c5162,1,1,0.999834418296814
c5174fd3-f389-5ae4-b2c6-790295ac1983,0,0,0.0006622907822020352
eb8d34f5-bd77-c39e-fac2-3276dd121e92,1,1,0.9139842987060547
ed34941e-4284-f891-97b0-b49b184afa1d,0,0,0.04409966617822647
f028b270-c9d0-ffe4-2663-c11e4b515f1b,0,0,0.00027660425985231996
9a4afcf3-fd36-8c28-ddb3-0f405b203421,0,0,0.0003078915469814092
c7eb3f37-fbad-80bf-6329-ee1f4a723ce2,0,0,0.009201150387525558
d5a7562d-14e5-e860-4e3b-7f2a78bf7be1,1,1,0.9995738863945007
1cea05bb-7b9a-07d9-e744-1d5c25ce8c66,1,1,0.9998372793197632
4a249178-316f-164d-ddc3-9e78b5691c3d,1,1,0.999832034111023
b5c2d4ac-55eb-36d8-e862-1f0e44e2bf8c,0,0,0.00037851303932256997
4056a009-32e7-a803-7d3a-546b9bbb1fd6,0,0,0.014309032820165157
ac6c1d27-e9af-4fb9-995c-a0234a669e32,1,1,0.9998301267623901
aa240243-9f51-ff96-ab8d-d43c70ac5b18,1,1,0.9997569918632507
80d1b1c8-6b73-e9e3-e71c-38d9df7b0108,0,0,0.000701486540492624
58c537ac-5399-6e5b-1e71-15222d9cb7dd,0,0,0.31060606241226196
05a8f545-74a0-9287-cc2c-70f2637304b3,1,1,0.9998323917388916
750ed983-1e7e-7625-a4c9-8cf31790caea,1,1,0.9984574317932129
a2619add-724d-0378-6fa6-b7f957ded398,0,0,0.0665622428059578
7175eb3f-2003-7f15-0347-21733558d4b0,0,0,0.0008013353799469769
8ba8868c-08e4-a6c5-bea6-1871016b1abf,1,1,0.999840497970581
63de319f-f4fe-1d20-d25f-55f4988cd48b,1,1,0.9739667177200317
7c85c68b-3dd4-b1af-2d07-bbf762847169,0,0,0.000750745355617255
f16d3ab7-360e-7f1a-3cf4-d96914edd3fa,0,0,0.0016930472338572145
b2cc505a-c846-d073-cfff-b8e092c792ff,1,1,0.999824583530426
0abdffa1-078f-edc4-9762-3e5088312449,1,1,0.9997650980949402
9c4edb0e-27ec-1401-17ff-af626f779fa8,0,0,0.0009488775976933539
43831251-b33e-9fff-16dc-f4cb57ce19e2,0,0,0.0003099085297435522
3df2f4fe-bb89-18e1-4066-6b50429f1fda,1,1,0.9992583394050598
9d86f5a8-5cc7-744a-dad1-bd7ab50d5b81,1,1,0.9997486472129822
d897910a-4714-a3a5-3f3f-5a1a5158beda,0,0,0.000263749563600868
57e5290f-4ecf-5d18-7870-62e44610c2a0,1,1,0.9997808337211609
871684be-f534-4d0e-0dd6-3c99687a1f44,1,1,0.9094078540802002
525ab2e2-e040-9571-c153-c55c45f5f48b,1,1,0.9997519850730896
3236bd07-1b03-5559-27e1-6b83467cc1be,1,1,0.9997993111610413
30f0b18b-3fae-65d6-fd5c-3d5244806b8d,1,1,0.9561652541160583
33028f07-1420-d03f-627b-e5b29da4190b,0,0,0.003102657152339816
a306d424-c7ae-8e90-797c-160a1055a43e,0,0,0.0002691627887543291
5fbdc459-505f-fbee-5a5d-ea65caef7ecd,1,0,0.9558523297309875
2b419a75-2cde-615f-098c-5e39764f7657,1,1,0.9138659834861755
514f2130-9760-2918-ae99-983f383ffffd,1,1,0.997038722038269
ccabfca4-cb67-f8cd-15f7-b8d37fc76565,1,0,0.879446268081665
c13f6fbc-0333-c85c-c016-47fd857129da,0,0,0.19032329320907593
ab6b2592-a08f-7db3-0d04-f02236aa5228,0,0,0.00034886389039456844
b70aad38-3c0d-7a5e-8346-b2526b989923,0,0,0.0004202033160254359
3ad90fd3-5d06-2922-f4cc-48086be8338c,1,1,0.9991061091423035
1c346c6a-d3c6-f72e-f2c3-5a6af591ab9e,1,1,0.9998281002044678
9c8fa884-0a2c-c039-47bb-2ec2b420242e,1,1,0.9995348453521729
3b7da844-0e97-1ba1-41bd-3308d1c15474,1,1,0.9997379183769226
67c8c382-617d-e61a-99f6-0cfb14c7270c,1,1,0.9992064833641052
0d6652ef-4816-e182-a5bd-74e133739a78,1,1,0.9998114705085754
aba80059-6b99-2719-6a35-a00ae4c1a3fb,0,0,0.000260620639892295
8a53d252-91b5-8211-4b0a-2e78491776c3,0,0,0.00039780978113412857
342723f4-c0c3-525d-493a-52a62596fdeb,0,0,0.00020860940276179463
17144657-74b8-64a2-60ac-4df52144b3a0,1,1,0.9998288154602051
87af4854-1594-8171-325d-a3cb8bbdfdd5,1,1,0.9996597766876221
972a0874-18ab-d488-6a18-b38b36f190f5,1,1,0.9995224475860596
4c7dd04f-1873-f984-8c6a-c8ede946cb3d,0,0,0.0004794907581526786
5037159d-059f-7e2a-83cf-5e222e3c4e44,1,1,0.9998175501823425
a32feedf-326f-77ad-dd64-e15b828b977d,1,1,0.9998335838317871
23f0d5b7-cff0-2017-7c6c-42b24fda4c57,1,1,0.999834418296814
7070d27a-a84f-9127-143f-eaac508c5848,0,0,0.00023636310652364045
72ada047-ac36-c711-02a5-6264d97333f7,1,1,0.9997192025184631
09d3bda8-9f55-22d1-8329-20ea2a9c376a,1,1,0.9998010993003845
1ce74621-3f5e-0f90-9308-5f2b06bea297,0,0,0.000479273236123845
45e0fe4a-1e4e-b146-4114-8e2c465fc930,1,1,0.9967557787895203
ec20bee0-94a2-7ff8-62cb-e1ec41a8d04f,0,0,0.0007037453469820321
e8ecc87b-d595-e3ff-2aa5-bd6040eb3883,1,1,0.97944176197052
b51a98c4-433d-2a6e-3d20-968d69727d75,1,1,0.9997105002403259
0a320204-45b4-4d26-eac0-88c69ae83170,1,1,0.9998290538787842
eac1b3bb-e072-381e-10a8-e7670b986c30,0,0,0.00044447166146710515
7c434dcf-55dc-9b1f-995d-5501eb2ff507,0,0,0.0005788677954114974
e5628396-5663-88ea-8b44-1e15abd2ecac,0,0,0.0001725654728943482
ce581f71-a12d-3091-198f-d5b578e7a3c9,0,0,0.0007338762516155839
739e7e73-166f-7def-519a-065aa87d4ddd,0,0,0.0020960841793566942
96290747-5250-d249-0e65-d5a28968ac26,1,1,0.9998314380645752
7e7ce337-cc8b-f103-8492-865b990e02b7,1,1,0.827257513999939
a5149732-45f2-4e08-0449-f7f6129411ab,0,0,0.00023095417418517172
b930ba21-778d-577d-819c-14d4214d90f2,0,0,0.00035243239835835993
d0f2cafc-3a1c-7bb8-8a85-57016a9cfac6,0,0,0.00039306021062657237
e5a08cdd-0daa-4297-8254-88af93dc2723,1,1,0.9998327493667603
df1abe06-351a-aa21-df2e-d75bcc2922a5,0,0,0.00039962699520401657
05d7ace3-b02f-f101-bb8a-8975e085ffe2,1,1,0.9996346235275269
1892f012-e22b-75ad-732f-917c679ea622,0,0,0.0023596854880452156
5d78e14e-eca1-a353-071d-c2b834e7a87f,1,1,0.9997891783714294
cc495015-c1ff-87b7-a666-eec035a253c9,0,1,0.07777165621519089
f09d6f3d-3e06-cb08-33fc-25674924e1af,1,1,0.9995917677879333
ab722a31-aaac-cde2-a077-27b88102bcd7,1,1,0.9998288154602051
07ee87f7-e1e2-ee11-26b3-5c4ad1e5fd97,0,0,0.0006550377001985908
c2433d93-ff5c-9463-869d-d8ce6fff5c64,0,0,0.0008897213265299797
d772c9a5-c1b8-327a-4c54-c9ae6be1e27a,0,1,0.03327535092830658
c38c25df-c67d-e993-2255-a00aef872a35,0,0,0.00047871071728877723
f45f5dc9-e09b-7820-6630-19708c60283e,0,0,0.001761055551469326
9f222725-9d3f-1dbc-e6f0-a44f9ae98fc7,0,0,0.0004748920619022101
c5161701-a65b-2a82-f016-c741b46d17db,0,0,0.0003619787166826427
76aa4b4f-4585-4fc6-064a-28290fcba85f,1,1,0.999810516834259
be209e11-2b43-d665-76ce-65033c252931,1,1,0.9965178966522217
2c2a4008-a5ac-168a-ec31-52db92341f94,0,0,0.0002652945404406637
88f70fc9-2eb1-6141-ad27-962c132cbb3d,0,0,0.004566005431115627
92fd8603-bcea-2bad-9d2d-8656bb2cd65c,1,1,0.9998399019241333
a7ceb4fd-9de4-20fd-f133-47eed3e66f65,0,0,0.0009763672132976353
129f0dfd-53da-432a-4ffe-97f3f27ea72a,1,1,0.9953827261924744
30e2aa8c-4c06-0fb8-9c44-51e411d9456e,1,1,0.993694007396698
0da0ddd7-afbc-3dd5-11b6-b2fa9c093d22,1,1,0.9759607315063477
4e9a383f-c0d3-86d4-cb13-18c44d447312,1,1,0.9993017911911011
c75bf1cf-2ac2-2353-2611-8b96e836fca8,1,0,0.7238821983337402
cf2e5a3d-9b83-0d73-ffb6-4283b231c1e7,1,1,0.9998328685760498
0a090619-4ba3-5165-9ffe-95b9a3f2ac9b,0,0,0.0006512582767754793
dce20d07-a3ad-cff0-c414-259bb015e783,0,0,0.007934210821986198
a60f232b-a763-ed13-98db-88e3840f1b2a,0,0,0.00026050390442833304
7e673570-9afc-afe9-1540-ba167ba3c19c,0,0,0.01235865242779255
7b47b803-3c0a-4c5d-6e14-f5a9236c1cd0,0,0,0.0003946329525206238
4de15f69-29a9-91b6-a108-2c1e57716f78,1,1,0.9997685551643372
829c5ae6-66df-1a55-38d9-c38814bb7503,1,1,0.9998196959495544
33b60027-610b-46d7-6ec3-ced9d88e507f,0,0,0.00023141242854762822
1fb51c09-11dc-94cc-77af-83681a62da83,0,0,0.00041488936403766274
5beaf7f8-23fb-858e-fc6c-55202e5b7e2d,1,1,0.9997619986534119
aea1a548-9fa8-ce64-998b-dd01b3c7226d,1,1,0.9876770377159119
e4af1d77-2c9d-2e03-b2cb-66cdaa904c93,0,0,0.003605104982852936
fcf5f2bd-283c-db61-e792-4bed7cf7f3f8,0,0,0.00018800830002874136
181d4068-ff85-b885-0a84-bb15ae080eea,0,0,0.08992400020360947
f26a67c2-4266-ab43-fadf-819ee65fd120,0,0,0.0007321017328649759
f2f5a480-4f5e-d2d7-b6fc-8594fe9d7086,0,0,0.0011742959031835198
4d1434c9-a076-5ae8-1d82-ceb97ff3d3c4,0,0,0.000435920141171664
dad1083e-ad00-2dc1-4762-cfb7c78b4d51,0,0,0.0007147804135456681
79ced799-928b-8ce7-ec7e-08ded3d3ae6e,0,0,0.0013262717984616756
9614ce61-b511-88b8-2f25-4fe85440f60a,0,0,0.0002712357963901013
50597abd-b660-8a1f-1049-b761f4f64dd0,1,1,0.9996920824050903
08ae8b35-0f47-c865-c483-e62247e692cd,0,0,0.00024578344891779125
dc96da99-ee46-a1ae-2c89-fa243f058f70,1,1,0.9998295307159424
e2deb469-703f-0dac-c9c8-235dc832fa37,1,1,0.9998399019241333
3ced0064-bd68-d3e5-ea34-12fe9fd0776f,1,1,0.9998326301574707
36cdd1a5-fd11-4038-2685-f6e8165f7f2c,1,1,0.9697616696357727
2d6e6133-3779-6930-42be-c6544fdb7856,0,0,0.0014358055777847767
71eacf59-9b4f-0507-c309-906f823ef637,0,0,0.00031389103969559073
b75ac7d2-c4c2-599e-b49f-aa94818cadf2,0,0,0.000639692007098347
0be328e1-5dff-b111-a9d9-d527a5fa9acb,1,1,0.9981036186218262
1281ff3b-a2bf-5dac-aeef-b9ae3ac8a8ae,1,1,0.9271153211593628
c6baae52-05b9-c30f-c667-8f908a5b50fe,1,1,0.9998503923416138
bebd4b7c-30c3-9ce9-6803-8e58624c6164,1,1,0.9971103668212891
d36a6126-e40a-8712-b9c5-ff2024861afa,0,0,0.00022757783881388605
6491e5be-31af-a8ac-fb52-d6ec66be77f9,1,1,0.9997634291648865
16ae4d98-fae3-a90b-a750-80bff20f8fa3,1,1,0.9997736811637878
9f172b8f-6828-9f37-eceb-a8b9913a63c7,0,0,0.00044308407814241946
f74b72d8-1531-b8cc-e3be-c75b6f23575c,0,0,0.00030868369503878057
ba3a4375-e780-0969-d147-4dda5a8032cf,1,1,0.979253888130188
df17dfb4-a597-dbd8-bc4f-93af19dd6634,0,0,0.0020282836630940437
1a4d7664-29a7-03f2-b800-e8063d368cc2,1,1,0.9998304843902588
f1eb7e33-578b-14b8-4454-565ddf8c02ad,1,1,0.9998258948326111
730a22ec-6a6a-3252-4a9c-3426df88d9ec,0,0,0.0014321559574455023
706f6045-0b2b-d941-7016-c6961321c9f9,0,0,0.0026600712444633245
c7a787ef-dbd9-3efa-b574-e2dea302b233,1,1,0.9998160004615784
73ad32ca-3057-0a0b-c3ab-257dd98ef23d,0,0,0.0002997971896547824
3849f6f8-1b05-dbf6-ba15-d5714a234f7d,0,0,0.00042488661711104214
afb8cda6-9bff-e42a-482f-ec0c701b3be7,1,1,0.9184457659721375
671a5995-5feb-13ad-61f1-76a8dace7614,1,1,0.9998294115066528
e3c792dc-5180-76f8-cbc6-89e97c286bbb,1,1,0.9998273849487305
de17d01e-4230-29d0-8424-4dc6c376c248,0,0,0.0022040680050849915
3c52499d-9f24-52b5-a831-8bb5377e037c,0,0,0.0011831918964162469
7b7ed3d6-5d0e-0839-fac6-fc00286aac56,0,0,0.000984290731139481
370c103b-1f7b-fff6-b5cb-fe531238de84,1,1,0.9997270703315735
9e10071b-35de-e350-5158-2b72db15b00f,0,0,0.019775783643126488
8877abf1-628b-231c-4d67-4653db7bd2e3,1,1,0.9997382760047913
c7566bdf-321a-75bb-2271-54f81cee6402,1,1,0.999840259552002
636e996c-f15f-8491-12d3-b331432832c5,1,1,0.9678024649620056
57a37446-420a-edce-e00b-0c7bac6daf07,1,1,0.9992212057113647
dc9a40d8-6a00-db41-a48c-0a52361e1e6e,0,1,0.09704609960317612
29675b75-452a-9328-38b2-5921840b593f,0,0,0.03381989151239395
34bdcddf-85f8-4d17-10d2-251f7ffbf6da,1,1,0.994062602519989
3083b286-1237-7812-6e08-fabbed96a47b,1,1,0.9998108744621277
6096c43a-ad6f-e692-1c6d-127e6213168d,0,1,0.0012000472052022815
9030f6b1-0db6-8e29-1c33-fb7b292b21c8,1,1,0.9996622800827026
cb89d1c6-d9d5-6fe9-9e6a-6e494c1da081,0,0,0.000357953947968781
c7877542-9cee-c94f-5679-be902296b209,0,0,0.0002106674073729664
50ab6143-22a9-0046-cce3-a4140f365fae,0,0,0.0003841706784442067
8ebb0fae-cb3f-000f-9d89-bcececc2b811,0,0,0.0024414293002337217
e9cf1a89-8616-b3bc-38f6-03a7dfdc753f,0,0,0.000491926446557045
a5f2c778-1b8d-2114-903f-4ca92403de24,1,1,0.9998304843902588
c1f85dd1-2aec-18d9-c6da-dba632722465,0,0,0.0002152981178369373
122c0dbb-fb75-6eee-26a5-23a8bf07ffd8,0,0,0.0009294411865994334
3243af3c-50b6-27e0-fe55-631ed79ab55c,0,0,0.0003731248725671321
fa05f741-4b06-2f4c-64e4-4a2dd3363676,1,1,0.9998319149017334
dffddb91-af24-2200-7c94-2dde9efb40c0,1,1,0.9993054866790771
157947b1-a437-c7c8-deab-ed519f048d42,0,0,0.0006052303360775113
a38aed1f-c14b-74fc-c507-e22a7e9b87c3,1,1,0.8398858904838562
14fce9f6-73a3-9886-13e2-e269309f78a1,0,0,0.0006222667288966477
39df8b1f-a8a8-b7ce-566c-72ed701932f2,1,1,0.9997759461402893
aa8f560b-c2b4-7902-2261-4a77597220ab,1,1,0.9988803267478943
86c91120-ae43-2e1c-5479-fc8ed0b17f1b,1,1,0.999510645866394
12f55936-6ede-3966-bd09-ab3f907ccb40,1,1,0.9997351765632629
fe61a53e-2006-301d-6a50-0b45f2f18b90,1,1,0.9997656941413879
7452245c-d8b8-fb57-df92-152a61212c6b,0,0,0.0002248983073513955
b272b636-f048-fb49-ff73-6dd8aab70ed9,0,1,0.012515503913164139
14cf130b-6191-ca7f-bfa5-e48758357896,0,1,0.08606822788715363
e801d5a9-926c-6964-6426-57b99ed7e4ad,1,1,0.9998340606689453
758d389a-7322-c488-55f5-70f825dd04c9,1,1,0.9992436170578003
22dab66c-8f63-58d7-f4c1-c2dffdbf5a0d,1,1,0.9998053908348083
92c745f7-623a-7f81-1fca-d8de8a2157a6,0,0,0.0005800104117952287
6c8b85e9-ec06-8261-d80e-82c5ecdc3ca9,0,0,0.0008326048846356571
15a388b5-3dea-184e-e510-9cfb3093ec5d,0,0,0.0005875406786799431
ede0c47a-0cf8-4e83-32ae-7d85f4788d28,1,1,0.9998316764831543
762de195-fe47-5bf9-4202-10f7cd2b2d2a,0,0,0.00042301122448407114
0fc8ee06-c763-1b81-f36c-e5c5c7079862,1,1,0.9995434880256653
388eb84c-0e94-30a0-99aa-a18c07aa7462,1,1,0.999832034111023
ec461a37-2b54-1c5c-7e5c-4716b644504a,0,0,0.0003132357669528574
ad6b4957-bcf7-6866-8dfb-7cdbec182ef9,0,0,0.0009122868650592864
24a89c8a-babb-326a-7880-8a215aa50480,0,0,0.014906792901456356
b8e54a75-0df0-991b-8696-cecd5bf4cbb7,1,1,0.9993256330490112
958b3af3-c129-7e14-8273-bb72ff0bfd0f,0,0,0.00037490352406166494
d64d904e-fa1c-2da6-9241-bd6c452a3df6,1,1,0.9997962117195129
c2695142-82f4-cc39-bade-1214cc076f47,1,1,0.9995660185813904
5dd07880-a784-06f7-410e-672ac0ebcf22,0,0,0.00022243523562792689
a147269d-962b-2286-3465-d77b84124386,0,0,0.0002557470870669931
40bc90d6-d80f-be5c-480e-4edbc6ae95c6,0,1,0.3822668492794037
02f427e6-de29-1b16-4a06-2623dc99e8a4,0,0,0.00048657020670361817
a51e2563-23a9-7142-67bb-92c3033de952,1,1,0.9997742772102356
38b70897-9e66-9414-ced5-8d6b474de3dd,0,0,0.0003525285283103585
50936205-06e8-cc8f-36b5-47eea47f16f6,1,1,0.9997943043708801
7627d8aa-7934-2f68-89b5-f9fe263fdecd,0,0,0.00037619451177306473
eb51f4c6-8c09-5692-12bb-126284e78770,1,1,0.9998319149017334
b72b2613-f107-2a49-d73f-1400202ad3c2,1,1,0.99981290102005
736db2b4-7168-0092-62ab-c703896c6dca,0,0,0.0014741254271939397
5059780f-98aa-8314-d17a-7ac49434da46,0,0,0.0022218809463083744
99784bc4-29a9-f7f9-5989-48d94afc34c3,0,0,0.0015823796857148409
bb8396d0-d57c-8fad-9f98-5faf1cb53873,0,0,0.0004722683515865356
22ac6521-3e07-8336-5860-49e77fbbed33,1,1,0.9998020529747009
50f04a87-998e-b933-51f3-bbee5f688dc3,1,1,0.9998546838760376
c01dd24d-5da5-717c-5b01-026f87dd396e,0,0,0.0005165890324860811
ecb5dc15-43b8-2abe-949f-052cd6c183b1,0,0,0.0004148314765188843
8b92a977-72e1-6eb1-e5a0-0f69ea8387cc,0,0,0.0007537549827247858
8702616b-4b7c-2028-39b9-fbf5469642c8,0,0,0.0006281101959757507
760d8147-828a-338f-0712-74f39a9700c9,0,0,0.0004104777763132006
34a03456-c865-af55-df94-67686732a9e7,0,0,0.0005932773929089308
ad48cf8e-f795-4b90-2f3a-cfc20bfebee2,0,0,0.001566339866258204
03afcae4-540c-e650-ef01-2859660a844c,0,0,0.001066003111191094
ade38e97-adea-643c-5a09-901e049711bb,1,1,0.9996063113212585
c30f0302-8261-5e55-c6ef-dcbb5dd7f2f0,0,0,0.0013143388787284493
b73fdbdc-85be-9488-ff99-e3c6e7543c1c,0,0,0.0007251794449985027
2960f791-3162-7d9a-1d0d-6674fdc968ef,0,0,0.00020644156029447913
60338d58-b8f6-ab0e-751c-c7afb0a80974,0,0,0.0006588895339518785
f11f5c9d-07ed-cff7-b2c0-6531db94ce98,0,0,0.0004852941201534122
02815a21-f503-9c23-ea73-ae1d9e1a5728,0,0,0.00885218195617199
88166504-b296-36b2-5a94-f08df9ab8fe1,1,1,0.9998304843902588
90e03bb3-f845-87c3-b7bd-a3cc4889fdbb,1,1,0.9997237324714661
63683490-4faa-6382-45c6-49ba94d7397c,0,0,0.0033029653131961823
d239a734-a1ee-a166-1c2e-808db238a573,1,0,0.7633053064346313
51e96c0b-0264-0d5d-f114-0ecec97cf1ae,0,0,0.00042020471300929785
8405fbaa-339e-d28b-017b-5016911eaa09,0,0,0.0024690667632967234
b1ead33f-518c-68e1-e9de-a6e0dd213dcf,1,1,0.9997074007987976
69c4c52f-277b-35e6-c018-5ae0c8055a3b,0,0,0.00042004790157079697
daa80a36-2369-b25f-668f-8344d6ccbfc0,1,1,0.9996395111083984
ce485db9-441d-773d-39a7-7f0b1d2ec1b0,1,1,0.9998365640640259
cc4bf2b4-d84a-cf66-2727-bac401203371,0,0,0.00016621033137198538
ad41a76f-d1f3-7a0c-88aa-fa1c09a18b36,1,1,0.9998351335525513
54f3c9ed-8ec9-24ab-dd1e-0e710ceb7aad,0,0,0.001097806729376316
57ea6a16-10db-55ce-0599-5488e7f63828,0,0,0.0002448899031151086
a22652df-d811-3a50-fb7b-966b101aa8c3,0,0,0.08631128817796707
2ca3138b-4d09-0b5b-7c62-be90e45c5d71,1,1,0.9997386336326599
aebd65d9-8fc5-ab25-27e9-fd2e3fbd4955,1,1,0.99982088804245
32be5673-d4fb-06d2-02eb-48fb5361d0d8,0,0,0.0024565341882407665
fa1605e6-67dc-2c27-ff7b-f9c9a9e210c5,1,1,0.9998301267623901
87fd0631-7e2e-8a08-543a-60ee644a1543,0,0,0.00018290731532033533
35518fd9-3237-8062-e60a-ce825500be15,0,1,0.38943225145339966
d01485b0-afd2-4f01-55c0-df6a1d21d028,1,1,0.9996132254600525
4bc9d24f-a365-81ca-2673-bac3989069ef,0,0,0.0006563533679582179
fa052b40-d9a1-4ee8-30d0-34aa76dafdc4,1,1,0.9986838698387146
f3339509-5cf6-9024-51d6-22affb0fc906,0,0,0.0013804908376187086
b9e0914e-9e1d-602b-9912-9f4e7bd7e486,0,0,0.0002717972965911031
2d153ec6-3c23-bd77-097e-34f107b80b48,0,0,0.0003714814083650708
b036682b-1e52-e3c5-9b59-352a578acf9a,1,1,0.9997013211250305
edac500a-8c84-403d-668e-9bd2aeb9388b,0,0,0.0008373348973691463
cd8e23db-179d-d545-ec5d-e1d89e7402de,1,1,0.9797688126564026
2e6347b3-59a1-9ba8-9fcd-998b4a3100ff,1,1,0.9906046986579895
d6e44e82-a163-1fe7-b457-2befe490b561,0,0,0.231199711561203
af469def-c0b9-21d8-4aab-dcfb0d045229,1,1,0.8751951456069946
f05261a1-f47e-1e1f-41aa-d3d5e5ca62d0,0,0,0.0013328976929187775
07cb6775-999a-8314-5dc3-ffb50a321476,0,0,0.0002596959820948541
5491274d-deea-9e0e-539a-745c4cb0ca98,0,0,0.0003376575477886945
eb7ac4f6-1e13-ac37-0392-c3e6bd3adad9,0,0,0.0004583640256896615
7bb377cd-c269-efd1-6ca9-95c4fb145862,0,0,0.00027691139257512987
c9990eec-0ead-1b24-edfd-b03920196447,0,0,0.0024245891254395247
7eea78f9-b6f2-602d-581c-00e994c3a2ce,0,0,0.007105602882802486
f0f699ff-81d3-a054-9c32-0d3bc40f0285,1,1,0.9982099533081055
3f5df47e-5fa7-2c70-14d9-9145d4f76bf4,1,1,0.9502915143966675
0665eac6-5a2f-5174-ff8b-32837f347d95,0,0,0.0011288169771432877
bbec48df-c974-1d3c-ed92-7655a8870c14,0,0,0.0007438992615789175
84891af0-45eb-8148-feb6-4dc58b82e233,0,0,0.0009633390000090003
52ed1b76-d62b-341a-149a-b29b0e3aa52a,0,0,0.0002930024638772011
d7e2da9e-5e5d-3399-49ed-ced94787d723,0,0,0.033511750400066376
cc2192b1-6be8-755b-8f7a-c2225095eb2e,1,0,0.5949746966362
27a16b2b-496a-af96-a5f6-6b28515abd9a,1,1,0.9998286962509155
6775a9ff-f071-f1e4-2092-18c6eb91370b,0,0,0.0003364604199305177
006630a6-4d41-56a5-7075-7c179aa65984,1,1,0.9998452663421631
c64c186c-26ba-e80d-2046-8da2e3562309,1,1,0.9178431034088135
4f7a7684-25d6-1782-085a-236abe45b905,0,0,0.0005733957514166832
5bae7d00-b32e-671b-aca9-fd7824cdb71d,0,0,0.00015565221838187426
81c79b14-4441-a39c-5cce-b0c9b5eaf299,0,0,0.0007825811044313014
e0b2cf86-29d5-e15b-27df-af44fee59579,1,1,0.999500036239624
59c1608a-f427-9707-03bc-4e65f6e40629,0,0,0.00119557767175138
67b7fd29-b3cf-eab6-2b79-c7ee25eb9ff2,1,1,0.9997983574867249
cad39d49-706a-bb77-40d0-d44115e42aef,0,0,0.00045405959826894104
e3e68b8d-88f9-a2a4-c181-6cad57084fd0,1,1,0.9998401403427124
d017e46f-a1db-4210-69a9-e07b85e26c86,0,0,0.028041621670126915
7bae16b9-ec2c-2aab-5e31-65a77db2027a,1,1,0.9993576407432556
f39c561c-023f-454c-029f-9e198e45aa27,0,0,0.00026954596978612244
721e7181-032f-8020-7da1-5a49a077f83f,0,0,0.0009375683148391545
943f3b59-5e22-61ed-6fbd-fa51c6fda382,0,0,0.00037841720040887594
186b9b69-1974-e432-2358-d98799768cb0,1,1,0.5734953284263611
4d21c7bf-6823-911e-916f-5ddf28ac61ce,1,1,0.9998425245285034
78f3033c-8690-731e-b606-818df3b48c50,0,0,0.00031435582786798477
1204050f-dba7-d2af-f73e-7b27a43da295,0,1,0.1945524960756302
08b9a097-bc31-6197-a348-115addb4e374,1,1,0.9997898936271667
f4dea968-1198-3087-a75b-73263c8d610e,1,1,0.9996026158332825
e4825342-1e29-5c4e-6564-e2b85678769f,0,0,0.00027883422444574535
884f2e92-b9d0-3b1d-db9f-27eb89acb0f4,1,1,0.9967923760414124
4dcc2b5c-792e-76c3-c663-c382638471bd,0,0,0.0004726205370388925
331f555f-dda3-63a0-0d94-562dfa50e5a9,0,0,0.07599745690822601
7f89a8c5-572f-2865-c7b2-120ede5fd183,1,1,0.9997518658638
97cbad7c-b3fd-7ab3-359b-7caead1e9a46,0,0,0.00026407992118038237
44d2eb9c-5a32-51fe-231c-8b87aa9b3dd3,1,1,0.9862040281295776
654e6743-6145-9196-68d2-046ab45911b6,0,0,0.00037630388396792114
4d13d392-a4f6-cb78-f157-b8995d65a21e,1,1,0.9983320832252502
44418426-5566-2cf6-2cd3-bf237d203df9,0,0,0.002455356763675809
2f5c6279-87de-fa9e-7b90-08a08f74d127,0,0,0.0022890015970915556
a92a88c1-64cd-f9cb-883e-89bc4f055040,1,1,0.999326229095459
0d1ad418-e30f-f5eb-7180-b4c1624a7786,0,0,0.0005386821576394141
8bef418b-640d-ef2d-50b7-14d157382c79,0,0,0.0009892397793009877
0ea2b741-4a45-cd59-3634-c1e68fde44be,1,1,0.9998252987861633
148154da-3a68-a79d-6795-b45a86f0a946,1,1,0.9997133612632751
07430a17-a8b6-8da8-8745-08ea56e853d9,0,0,0.0003165917005389929
42b93ac3-336e-788f-22a9-98a320e9526a,0,0,0.00027517598937265575
a0feb6f0-11d6-c7ac-dc8f-c31208f109a8,1,1,0.9998303651809692
ca41c58b-d21f-d80d-6c7d-78f47ce04c1f,1,1,0.9998247027397156
d616efc9-387f-f01d-9247-17a36fb496c5,0,0,0.0003052688844036311
d2f1bc2b-729e-5e9d-e827-0e92b9a8b69b,1,1,0.9998476505279541
781b96e7-8c2c-8ee5-5555-b96dc5325365,1,1,0.9998095631599426
45380f7b-b88f-d7bb-3846-383cdc33722d,0,0,0.0003397659747861326
2a7b6014-0521-ae90-cad5-1766e6dcb6d3,1,1,0.9991080164909363
8acfe623-44fb-3144-1315-d3be49aa703c,0,0,0.00027590052923187613
32468b1a-2007-7b5b-f658-2d94d5e4f887,1,1,0.9998045563697815
bbdb4fa9-3eb9-c17b-4f3a-df4335c106c1,1,1,0.9998334646224976
2b342410-f889-e4c5-bbc8-f54a711b4a20,0,0,0.0005097120301797986
d0cb87fe-7444-5be0-df1e-39ebdbf09d09,1,1,0.9997581839561462
960aef15-1303-dba4-0add-c6a2e7aed2d8,1,1,0.9998157620429993
1f57d3ba-e0e9-215a-6077-7579582ab6e2,1,1,0.9997528195381165
6ef58532-920a-1894-ec7e-b8d14deb2fbb,1,1,0.9996167421340942
fc3a2825-fb6c-de48-4c5c-f188b54f4523,0,0,0.0009489671210758388
aab370db-611f-994e-638d-9b4790cf9672,1,1,0.9997382760047913
a291393d-7b81-5919-2f46-abd5ffa3a0d2,1,1,0.9996923208236694
71b7f96c-704d-0839-acfa-e76b7eac0ae5,0,0,0.0001764953922247514
22d0d420-94dc-1114-fdd1-24944bcf20cc,0,0,0.0012539135059341788
afed4cc6-d290-619c-e445-37a7592090e4,1,1,0.9997729659080505
99aaaed5-60e3-3f79-88f6-047a2c54a7ab,0,0,0.00973535981029272
74efc933-089c-ac6b-36aa-3fcb10f352d5,0,0,0.0002441538672428578
0856cbba-3a2c-1048-984e-14fb9a010ae7,0,0,0.0011670886306092143
8c906c52-84cc-118e-ef7c-01c5b1867542,1,1,0.9998038411140442
5ca93c36-c28c-ebe0-7c6c-43a9208bd21f,0,0,0.0003009381180163473
0c87062a-7944-fafe-fcc1-7484f3c1a06f,0,0,0.0012363308342173696
298b9dfb-7eda-95d8-929e-619c193d59ea,1,1,0.9952912330627441
77b06704-82a9-a9a6-c368-5a94725c6064,0,0,0.010098738595843315
1d1f71f7-6fbc-ba8b-86e8-ebcb4463680f,1,1,0.8568347096443176
258e82f0-29f6-2a14-221b-80f513fcce9e,1,1,0.9998098015785217
fcb56214-d143-1d9a-2eba-e1c90df3ad52,1,1,0.9998372793197632
2e05dd81-b03f-984f-5c2d-4b2885c79e49,1,1,0.9997418522834778
3b3686af-8d60-c1c4-1e7f-b99f9a9d0ce7,1,1,0.9957419037818909
6fd6d1cd-310e-e1f7-2f5b-798ed6207403,0,0,0.00037953018909320235
7be20273-5049-82f6-a6df-0a14750b2331,0,0,0.08964145928621292
3b6126c4-dc33-4e3b-c4cf-1d369a3e7247,0,0,0.0007811968098394573
d89f50e7-548e-cdf6-a0ad-a9abd5133c03,0,0,0.0001768935180734843
dd829396-b46c-b8ca-4953-f3ce381c75e4,0,0,0.0018786016153171659
d12dc423-ec53-a0b9-b9b4-939c37e0886b,1,0,0.7709991335868835
24ad4d08-1303-d9aa-c034-68be7a53d407,0,0,0.18966318666934967
ed82be68-6836-f1c9-1211-f3838d31c8b6,0,0,0.0003023755270987749
b61302ae-69ea-1333-6db4-e9981edd7624,1,1,0.9984292387962341
87958a11-e3c0-3c7f-27f5-906f8adf5497,1,1,0.9998202919960022
ff4457a8-57bc-1409-badb-3c2bd4437d32,0,0,0.0008257443550974131
fabe82fa-d285-990a-1067-cf8a9e6d081f,1,1,0.9993070363998413
0eb90b15-5ecd-f46f-79c2-7349c9774f48,1,1,0.9998334646224976
1376ed0a-0ce2-9595-c591-a3b00f2a1b20,0,0,0.00030811683973297477
49c550f9-6ee7-9530-4c60-b9d109a01e27,0,0,0.0001709668431431055
e9af81e6-f251-16bf-8dc4-ed34ddd80bd8,1,1,0.9997219443321228
bd605099-bfc0-e627-b300-dbf69a7a23ba,0,0,0.0002468159655109048
62e8aded-15ba-26d4-f85f-a5c73a73928c,0,0,0.0005176880513317883
b51c79b7-64fb-9725-50e8-e4183d00bc29,0,0,0.0001898373884614557
48495f77-4d7e-53f8-a698-0330c5414d18,0,0,0.0002589673094917089
158187fd-1258-1626-fe95-e1c81e9ab429,1,1,0.94899582862854
87cd838d-b408-9b20-6780-56111615e645,1,1,0.9998295307159424
c589f62c-ea94-0738-a997-2773f5dcaeb3,0,1,0.06178486347198486
84e8b998-b76f-51c4-f912-fe3192a4e64a,1,1,0.9998267292976379
b536076a-1808-33dc-e9eb-ea6c24780007,0,0,0.0002569295174907893
b67cf033-fda2-3a39-7028-74ea3c7ef15f,1,0,0.7317654490470886
6754edf3-97f2-f44d-1a7d-04f33a66ee5e,1,1,0.9997971653938293
89b88c5d-344e-7fde-e0b4-3d76f9bd570b,0,0,0.0007488531991839409
c676cb3b-d8ea-1324-18e4-226f913df87b,1,1,0.9998317956924438
b468f945-f000-f95f-8ae0-53697f2a215d,0,0,0.000434210553066805
9bc38065-033d-ef4f-8fdf-26da3e0545c1,0,0,0.0002103222068399191
3305ee1a-688c-b54b-3572-b08c857a3631,1,1,0.999835729598999
d7a8e677-a369-70c3-218d-e3e774ed20f2,1,1,0.9919328093528748
4241caff-58ed-73df-c874-83307f3428c1,1,1,0.9993083477020264
fa4b6c7d-2d8f-2237-2213-e5a05f55d334,1,1,0.9992609620094299
f43fc117-71a4-b59d-7e71-9d60b83cb76d,1,1,0.9998255372047424
4457ed8f-9fa7-e648-be4e-c28d054f1973,1,1,0.9998173117637634
a246bfb4-ca00-9d47-559f-dae8dcf8d068,1,1,0.6958432793617249
baeac347-f292-b1df-57bc-b8a929ead442,0,0,0.09303991496562958
3b4d56e6-e5be-4a39-dba1-e10e5d79231a,0,0,0.00037120989873073995
dcef0a87-07cb-7fe9-4604-c2b3c2f9bc12,0,0,0.0010112618329003453
57362bfa-15d2-bc1f-68f8-2a8a6eccd33e,1,1,0.9998304843902588
e04b9491-f552-bd7c-c333-20cd05a23708,1,0,0.7278860211372375
219f121d-72dc-9f02-fdfe-afbe733eba1c,1,1,0.9997841715812683
785258c5-b84f-6c66-cb25-4aea90b4a9c1,0,0,0.00028902196208946407
80caf1c7-d30c-5746-5dcd-1d7c1f56eb3f,0,0,0.00019867443188559264
24dba635-d4d6-7c53-2c63-1c42c6a869fc,1,1,0.9916826486587524
ffb53f24-45bf-dd38-0fc4-df8fdc6d779e,1,1,0.9998351335525513
ebdaf7d6-5abf-c70b-d50f-dbb09175073f,1,1,0.9998335838317871
c9495764-0c16-ab4d-6b59-88b411142975,0,0,0.0005692198174074292
b1074290-c722-1c43-9d74-8f39965a6fd6,0,0,0.00022210291353985667
eb24276a-928b-7c84-1e19-aba056ba328c,1,1,0.9997672438621521
d40b2477-9955-374c-399c-341ba8773596,0,0,0.0002100824931403622
e4a24754-94af-e869-41e6-c8ed5fe12cfb,0,0,0.00038382929051294923
7a010090-4a3e-a520-33dd-79278eff6da8,1,1,0.9335883855819702
7eb5b36f-d0e7-5d50-caf3-f08009380f9b,0,0,0.0001572103356011212
0409a6f0-6afd-b33c-af79-2fe780f5783d,0,0,0.00020039774244651198
2fe8eb7a-dd24-ed10-dabc-9c17e6a3a7da,1,1,0.9969766139984131
aa7ba8b9-a24f-d8c9-19f8-3b786f819be7,0,0,0.00020813496666960418
ec0858a6-9857-077c-1d39-7c9ed739ae6e,1,1,0.9998286962509155
b9cb23d0-5ddb-a03b-fe6d-0e83392cc36d,1,1,0.9998363256454468
5732fa99-e95c-425c-26bc-ebce63605ad2,0,0,0.23862159252166748
3bcdc4c3-4b9e-5caa-c95b-c087e277c022,0,0,0.00022681943664792925
2142ec38-811c-4baa-6936-0e4ae16fffad,1,1,0.9998334646224976
21181113-a638-ac74-3669-b5b5d32ad431,0,0,0.00043981149792671204
a437a969-e4e1-2ab9-86f6-0c536eb50b53,0,0,0.004671197850257158
48c62d4c-d42d-fdaf-0693-83f84d1001d6,0,0,0.0004313429235480726
0eb153be-e716-a9aa-7cbd-56ca7739ff25,1,1,0.999841570854187
4caa45a3-3f7c-1019-f654-68115155c840,0,0,0.0003994087455794215
bd0f88d6-e1d3-95a1-f1a8-f732dc2827bd,1,1,0.9993858337402344
147ec013-d30c-147f-a114-66cc076fda8f,1,1,0.997900128364563
16be9a63-2f2b-4b39-997b-acad6bbe584f,1,1,0.9998328685760498
4895ad97-1a49-1f4e-cb52-e4e6dcd02fbb,1,1,0.9994971752166748
21e6f95c-c77a-90b5-6813-c711fa30ef7f,1,1,0.9998251795768738
fbd44f3a-6d53-6211-5221-8120d07ca84f,1,0,0.9463914036750793
86353882-d024-8682-91f9-cd3adc59a947,0,0,0.0005841163219884038
aba8ff97-b0ac-6593-1697-2704312f7f0a,1,1,0.9997676014900208
8ef830fc-7ae8-5894-b908-a831a568086d,0,0,0.0003822993894573301
bdcfa7ed-0eb1-d9ff-f9c1-52031af10752,1,1,0.9997430443763733
204763cd-0cf5-d2c6-8f16-fdf55d3128e8,1,1,0.9998354911804199
5913916a-e613-65dc-2c2c-7fdaeef89482,1,1,0.999822199344635
9b46f1d6-f2d7-fd1d-7182-c44af55987fe,0,0,0.0029375539161264896
75de53c1-c63f-d0aa-e462-1f78a3f76a59,1,1,0.999634861946106
187a5f00-0db4-1bc8-4319-c7442124e019,1,1,0.9998176693916321
df0ac2c9-510d-a5fb-12f2-82d2e855b3ba,0,0,0.003924401942640543
c99b81d9-8c47-8f39-6eb8-1bb2aae00ca6,0,0,0.003172254888340831
ac32125e-fa9a-6b49-5329-4f57d4a09721,1,1,0.9985055923461914
815f0d57-b475-1ea1-ce7c-f71ee09e1821,1,1,0.9984306693077087
a9b8ef68-d64d-5260-9dcf-a83d7f5fcdf8,1,1,0.9998303651809692
c1d7903a-bd93-eba4-9b10-2a428813cc5f,0,0,0.00042744132224470377
738aa40f-9615-3327-2aec-1e0d66795730,0,0,0.00039547981577925384
c56b5148-92c9-181a-7b91-86e6d9f7adf1,0,0,0.0003704978444147855
d8c1a8d5-5458-173d-b2c4-372a5e8b6416,0,0,0.0006012723315507174
8b7f9bf3-3612-5071-1ad8-1a7db0ff0cba,0,0,0.0016227677697315812
05d6f770-1c21-303b-83f8-1edf86f2c43e,1,1,0.9998301267623901
44955e37-1f3a-1ce8-2bb6-49ae2de534ac,1,1,0.9997624754905701
7e0e488f-31d8-e668-42e5-bfd1cd2eabf2,1,1,0.9997227787971497
eec288de-2aca-fe27-7b33-57908205b919,1,1,0.9997619986534119
37f72690-c8b2-d16c-2994-507d77c59ed4,1,1,0.9525771737098694
0ef41532-bda7-c7a9-9f49-c9e1c458d993,1,1,0.9998328685760498
c31d9bb5-eb04-aaa8-d2ce-170c6dfe7cd1,1,1,0.9476432204246521
d37363b5-0981-4aa2-eece-edcc3ba0f791,0,0,0.0014945805305615067
c1d7ec3b-c518-22d9-7b8b-fab99dac2aee,1,1,0.999785840511322
d7d28497-f898-4bc8-3aaf-4994d115c766,0,0,0.0003535610740073025
0a5ecf6e-06c0-e6ad-6500-2e2346e1d4ea,1,1,0.9943873286247253
9be197d8-a98c-0294-10ac-6b2dff36abf0,1,1,0.9933591485023499
c7aa7085-d4bd-52c7-8dc7-73fe38b09b80,0,0,0.0009098908631131053
eb56de89-b7ae-ceff-351a-9a39fd864073,1,1,0.9996131062507629
611e88e8-7206-3477-6bce-1619e9f8133a,1,1,0.9998315572738647
925b7c79-571b-4cea-88c7-541a4d7e0260,1,1,0.9998252987861633
50697879-09f7-f775-2904-e1670fc3b134,1,1,0.9988897442817688
b263b1f6-8ac3-33f1-a34a-d429e10a5eb9,1,1,0.9997344613075256
b8f0f827-a4ea-c289-8ca9-19641ee7d4e9,0,0,0.0009508137009106576
91937254-a62a-05e1-f93f-639a2b21a776,1,1,0.9998277425765991
cabf502c-bb9d-ee9d-2674-ace29c164048,0,0,0.0002608667709864676
a563e43a-8d7d-fae9-bd52-2b0e433f8cb4,0,0,0.0005914608482271433
20365ebd-4e98-bc7e-8e8f-6be5b73d957f,0,0,0.0005755043239332736
b4f3cf67-277f-abde-0a06-be9a96d5255e,0,0,0.0004682944272644818
64a343ee-8063-3aeb-ffc6-a995b10f13e8,0,0,0.0004984461120329797
f6d26868-bfbe-232b-b630-de5122bce253,0,0,0.0002384816762059927
641b4c03-5cf1-2075-2743-d94ab43f37c9,0,0,0.00028457195730879903
47ae187c-576e-6e0d-41c7-d7c360afbfac,0,0,0.0003202094230800867
8fafbb78-9dfd-fce6-907a-950ea7877c21,0,0,0.0002102345897583291
7d97c33f-3b9c-3913-5908-64d76ddd9da3,1,1,0.9998410940170288
60b90751-3f33-ecda-1ff1-ead1cd3a5e50,1,1,0.9997542500495911
dece7bb7-1242-b824-f562-0b3c4896fbd6,1,1,0.9842494130134583
ae39195d-65fb-2ee0-3477-794be2cd633a,1,1,0.9873067140579224
389c5c7e-cf81-ec8e-a2ef-5cb9fe168242,0,0,0.0004007254901807755
39bb8e25-dc5b-acae-a6d3-f0c8556bfe5e,0,0,0.0003589482221286744
467eaab5-5fb7-d87f-2627-f52ec033f2b8,0,0,0.000812133657746017
a9a13b1b-230f-65cd-2625-d44a7816c861,1,1,0.999854326248169
e2a9ab9a-9a62-743d-b5d8-f6f23df1018d,1,1,0.9997460246086121
afff7aa1-75fb-a339-6eab-03ab10c8bc0b,0,0,0.0006659714272245765
3cc528ce-a9ea-090c-3288-0c1bda7489ed,0,0,0.01076411735266447
0a2ab170-db42-5ac1-be18-6d831d227f40,1,1,0.9968151450157166
013436ce-4e0a-bbba-827f-518afc710141,0,0,0.000962904014158994
769d19c1-5aa9-095a-76c2-27b6cf0a09aa,1,1,0.9997416138648987
2bda79b0-f02c-346f-3e91-fcd4e9d087dc,1,1,0.9997226595878601
3ce21552-d0a2-2c74-8d04-16619bc6f8a3,1,1,0.9998331069946289
998326d3-2ed6-01d8-0833-c4cf3601a904,1,1,0.9976382255554199
fc4484da-89fd-ac8e-dde5-85c35bcb4ab2,0,0,0.00031276579829864204
f0c5cbb6-be17-0f33-7aef-2ca546616446,0,0,0.0014172885566949844
d74d2a89-20df-9a97-697d-3863f9480df8,0,0,0.0011393326567485929
6a79e33e-3969-5d11-fb02-887b4137a5f0,1,0,0.8053951859474182
ee3e541a-5b08-e662-6ba8-f57935a8b5db,0,0,0.00047650773194618523
5b28b970-bf48-7002-c1be-95b9932a24e5,0,0,0.00042254794971086085
eb7c4f97-0112-ffca-8420-9d2eebe102e5,1,1,0.9998329877853394
76bcaccd-fb19-b528-93a5-0a65f8e37097,0,0,0.00022484063811134547
06e4a4c4-8d94-995b-1d7e-a727daba0f1f,0,0,0.00024026574101299047
d8679fd7-ebe1-5d8a-4a96-50dde3067cb7,1,1,0.9966853260993958
dd415681-7a4a-2e8a-d2e2-16bca62d0b92,0,0,0.006941251456737518
abf6126b-4339-9ab7-5bb1-8e14d51434e0,1,1,0.9998329877853394
721235a3-a513-ef84-e33c-60c2135da0b9,0,0,0.0005356574547477067
10f407f6-8737-d1bc-3c67-ad1f1bebc7ea,0,0,0.00025475636357441545
24af76e6-7d8d-3c99-67bc-0f27f11e96e3,0,0,0.00029717289726249874
cd2cbba8-7ff8-3f62-b1ca-bc875c1b1284,1,1,0.9852757453918457
f6f3a811-7eff-5b52-4391-de2591ed6535,1,1,0.9997245669364929
5488fdb9-5fe0-73ef-5483-ed32576b9b35,0,0,0.02979217655956745
da579c4b-859a-79dc-2ccb-310ff7dd140f,1,1,0.9997143149375916
d5774c07-2726-ba3d-a35f-9207c58b761f,0,0,0.003129703924059868
a9085b90-ff2b-2c3e-0974-a36c0557bfab,0,0,0.00027176362345926464
ce28e9a1-3a40-72cb-6a63-9e8818985c02,1,1,0.9385467767715454
e45da2a2-5dbd-2520-5a6c-467d3619ac0f,1,1,0.9997743964195251
5345c79e-2563-d9fc-e9da-6de408a8b3ab,0,0,0.00030547677306458354
d893e77e-1071-6b1e-aeef-7a50d1de3220,0,0,0.00034213034086860716
55d81f99-8134-1ab3-09e9-4d2123ae106f,1,1,0.9987149238586426
41f2c1b9-ed4c-4309-1141-1513d009ffe3,0,0,0.0002476478402968496
3e5051c7-06a3-0843-81d7-ecc33a7a0cc4,0,0,0.0002576819097157568
ce003d73-8937-72a0-3294-8448b25a28a8,0,0,0.001104600727558136
aa0d70df-0bc6-a3a4-bb2f-956c43e3eba5,1,1,0.9998331069946289
af526fec-6926-c2d7-ef78-2f281d78ae1a,1,1,0.8897138237953186
898d5e3e-eda7-08f6-2cbb-b41c56142731,1,1,0.9998120665550232
76ea08b1-00ea-5017-368b-bbfe998e181e,0,0,0.00028733827639371157
ebad449f-6bce-3fa4-6955-956e40582279,1,1,0.9946749210357666
16f62875-07a7-10a4-121f-3b826d0ccde8,1,1,0.9997879862785339
9deaf58f-d267-3f8e-5a10-5a0f4602e357,0,0,0.0036563200410455465
26990599-5799-3a36-a55c-dfea1be5b863,0,0,0.003215195843949914
05eb3ad5-13fe-f051-c0c1-c845f6c77989,0,0,0.0005857322830706835
82e852bf-fb8e-1bb2-9b69-407338e570e2,0,0,0.0008651974494569004
a0fda947-a9cf-1ef2-0fdf-2176317abc8e,1,1,0.9998090863227844
3779528f-2660-535b-5260-e8a264aee3dd,0,0,0.00020455350750125945
aa401d42-587d-8fff-1284-59d162b5796e,0,0,0.00039586718776263297
a0208b2f-0836-dd99-0f3b-f926601e77be,0,1,0.03118008002638817
94c3ad1e-a866-0c06-5872-6c47e540c858,1,1,0.9998301267623901
3c947fc4-318c-456d-9ac4-f619b03887d2,0,0,0.0004552106838673353
8b860c53-37e3-f634-83be-ac8ebce96e85,1,1,0.9952514171600342
d66b7d81-6565-fd2a-211c-909945d054d2,0,0,0.00020839448552578688
5d80525f-4e52-0b27-3167-a30e6e84776a,1,1,0.9002323150634766
2cf9a066-d1dd-456b-7a85-9ad4204ac027,0,0,0.0006681815139017999
12fc9765-ea1e-43a3-76e2-e3cfca20281b,1,1,0.999832034111023
4a319daa-f1f1-a33d-32a1-dec61bf0004e,1,1,0.6291610598564148
aa57d8a6-8322-10c5-4d30-ae2f89e75ba8,1,1,0.9998313188552856
9664c083-7496-c996-b6b4-aa07de46d929,1,1,0.9996954202651978
7f93afca-ec96-c4b6-f398-78dd3746f77d,0,0,0.00031623998074792325
4a95b162-6094-1203-96bc-5137e562cdb2,0,0,0.00039659772301092744
90670def-7190-a37c-dd77-f1d87ef6ec81,0,0,0.0003562339406926185
75973e99-a112-203b-7de5-49bff6493d9c,1,1,0.9998294115066528
dfe7ae31-1f43-bfd2-264b-5ddc1ba87f26,1,1,0.9961767196655273
9479a96f-4b6b-3814-9aff-6717acd3b01e,1,1,0.9998268485069275
1a53d53e-da9a-359b-8711-4b25c1001ea9,0,0,0.00039570056833326817
4fbbe075-3714-528a-6ac8-1778ea448001,0,0,0.0007080372888594866
375b7032-e557-05bf-1411-f978b0d267e4,0,0,0.0006380596314556897
aedabf61-95ca-1eef-2dd6-98870c2c62b2,0,0,0.0001702357840258628
dd2811a8-8616-62d2-982d-a513de83ef79,0,0,0.0014517100062221289
4f1c6591-b745-b39e-6569-ae4d1efd4e49,1,1,0.9998337030410767
01a7a9fa-3d9c-a4a4-9320-4c56ea3bdc9a,1,1,0.9712150692939758
474cae15-20cf-efb9-66a2-6c8de78d2cf3,1,1,0.9994454979896545
a6e54167-fd6d-9b0c-bc2e-2aa10d4e30c2,1,1,0.9998227953910828
01437425-6906-ee09-0c05-ec03f2789a5f,0,0,0.00024224944354500622
a3b5129c-392f-12e9-3577-f2ffe55e79ef,1,1,0.9998329877853394
ce75eb32-98ec-ffe4-a7e8-e032095b929f,1,1,0.9990019202232361
22000a9f-14fb-a474-5c1c-bcc1a46b0b82,1,1,0.9997240900993347
9b142b52-5a23-d611-8933-aa5d43f6080f,1,1,0.9997387528419495
52a6048f-fd75-c57c-9d49-632240b42a68,1,1,0.9998169541358948
d312f924-71f0-3517-bc74-1ac447726cea,0,0,0.0002853581972885877
814adced-9798-cf03-f149-d99f50751ad8,1,1,0.9987216591835022
afb816f5-8285-c26c-cfc4-5d6bc462bf7b,1,1,0.9996942281723022
1c6be4de-4c5d-e106-5c91-175dd2937b34,0,0,0.0009701077360659838
22a40ba9-e410-2c92-92a2-b029cecc68fc,1,1,0.9998063445091248
a17a4dce-ef0e-4114-d0a1-00b32e2f58cf,1,1,0.999594509601593
c1f36a24-0b5f-3243-3db4-a2d282b407c3,1,1,0.9996933937072754
022136d3-3877-72a1-344f-825002354330,0,0,0.0002875764621421695
48226547-b559-77c1-3950-ae86066f2b9f,0,0,0.00030523075838573277
c5618b4f-f5cf-9fa6-1f29-0ed3fe29ab0a,0,0,0.0008233030093833804
323548bf-4ef4-5972-fb18-e842c2b5d0b0,1,1,0.9989815354347229
142df42b-c6d1-f093-bdee-9992808067d2,1,1,0.9998304843902588
4d174bb3-2892-6e40-d1f5-c59ff4ff2897,1,1,0.6261988282203674
b5e9a701-1ca1-16f1-a140-150b1356d06c,1,1,0.9998278617858887
c6c0be4d-489a-5c35-3646-b5be4350d143,0,0,0.0006108469679020345
d8ebaef8-723b-4e32-d04d-820e4cb274bf,0,0,0.0002079838013742119
20326c90-9ebe-e921-df97-faa5a53f7ea5,1,1,0.9421514272689819
36e95c82-818b-64fb-29d1-872044da479c,1,1,0.9998286962509155
54bb1e15-c13f-368b-ac4f-a927bdf1bd78,0,0,0.0027312315069139004
5903af89-3a36-86b7-d6ec-cb0d0c85a610,0,0,0.0003296096110716462
d33ff715-d6b4-67ec-74ad-4a36d8f59844,0,0,0.0002407603751635179
f1c45555-18de-d4b4-7b20-91e94da4da46,1,1,0.7419449687004089
fa027f56-ded1-6e87-d10d-cf756fe5b818,1,1,0.9995367527008057
6bfb885d-577a-8195-598d-1a8c70511266,1,1,0.9975437521934509
c446e0bc-7bdd-756d-da60-6e1a3d9097cf,1,0,0.5004843473434448
63a99659-c236-94b8-a4a4-da6353964397,0,0,0.00033710189745761454
7205f688-9147-eabf-7ff6-099700c781fa,0,0,0.0016780011355876923
8a3087f4-17dd-d5c8-cdb8-71d1a92a6a5b,1,1,0.9998314380645752
88bcade1-d32e-7b66-bfb8-78edc3450e23,1,1,0.999725878238678
5b0213fd-e20f-daf6-6e0c-f9ad7136fc87,0,0,0.0001739883446134627
5e41957d-988f-29bf-3f8e-03c18b4981c8,0,0,0.0004300213768146932
19b9185a-fd06-3cec-eec3-9aa3c6fc3f97,0,0,0.0006404826417565346
aecfb868-6e20-9960-6d07-7f745ae72b19,0,1,0.001156836049631238
3b729f24-fdc8-3d97-d175-74026d3c055c,0,0,0.0002642534673213959
5196a1bb-e058-423d-c136-67818961c177,1,0,0.9940920472145081
c0b80030-9d6a-a4ee-7f52-db1e9c9dc147,0,0,0.0002564926107879728
e44d8ba5-777c-3d5c-4c12-adca3ad45b6c,0,0,0.00022639248345512897
224c26fc-9354-dba1-a094-6189bbcf40fc,1,1,0.9998112320899963
0abf64ac-a1c4-0d77-26f7-e40e62cb3d6c,0,0,0.020140979439020157
17b477af-ae8e-83e3-f8d9-20391404464b,0,0,0.0003658522036857903
323ec6aa-fbca-58ae-a4c3-f3820e8d83f3,0,0,0.0013608516892418265
316ae642-2a8f-73ab-0bbc-102a385a4df3,1,1,0.9998334646224976
74f14d63-9905-4570-bcae-9184d147287a,1,1,0.891654908657074
c9eccd0e-b337-b842-76a0-d4685d7cafae,1,1,0.9980934262275696
976fc7de-42d8-576e-3b3a-22815fd6a073,0,0,0.0003270815359428525
c79a60b7-e6f1-6cf8-3ff9-1e07e11730bb,0,0,0.0013113254681229591
d9ab81b1-8b6b-5d28-9fee-d2726f86401d,1,1,0.9998314380645752
3cc1b75b-67f4-2032-40e0-80e0f6094595,1,1,0.9996662139892578
1a804488-c003-a127-a220-eeb863fca7cb,0,0,0.00028024145285598934
796e7e3d-7e07-2953-adfb-4c182118d4f7,1,1,0.9997143149375916
b79a0982-72a4-9797-4980-52d74ae1ff0b,1,1,0.9998258948326111
aa246ccc-bc70-9845-d085-213addaee917,0,0,0.0003608833940234035
66f621e4-aa83-a465-0607-f8b553396a94,1,1,0.9365448355674744
474ede4d-e5df-b100-534d-23f42a838d97,1,1,0.9998190999031067
20c4648d-9a22-f206-1a47-0b10d08c0553,0,0,0.0002590559597592801
4912c8d9-76a0-145f-0fb2-2bc0ae123055,1,1,0.9997294545173645
cea1d6da-a51a-860f-65cc-00bbdb00f7ca,1,1,0.9998314380645752
29fc8548-0feb-082d-cae3-1cd977651bfb,0,0,0.0003922083415091038
9be4a220-4a9b-b8d7-6dde-1f87e0cf5a63,1,1,0.9993270635604858
d438597d-bfdc-0396-4bd4-757660c71602,0,0,0.0003617465845309198
90cd23d4-e908-45d2-9abf-04ca5a7e9b79,1,1,0.9997674822807312
b8fe7265-8f06-3760-34fd-61f0edd29487,1,1,0.9977103471755981
0f0c9306-dca6-6403-b37d-f9a0701c1c2f,0,0,0.008829422295093536
3a04eecd-ffba-837a-eb21-e2592e3b4296,0,0,0.00446007726714015
708e49d9-80a0-2215-6f61-c2a3e1813075,1,1,0.9997571110725403
a6beede5-7f25-ffd7-e5c2-2a4d193836f7,1,1,0.9992524981498718
759f1bfb-c6a1-3f51-c0e5-23ef394e166a,0,0,0.00021749462757725269
f071bb6d-5a54-1cc8-2b57-c1d0f87e2908,0,0,0.00047515035839751363
8e2b6a81-22c6-5e0a-109f-d4c93499626b,1,1,0.9962282180786133
30a58617-6bce-c214-3b4f-8774d3be6586,0,0,0.0003645847027655691
3f230c58-641d-7eab-974f-fba287915991,0,0,0.0005093278596177697
e57d2cdd-4647-12a0-c8ba-33b89b66de8b,1,1,0.9998005032539368
f54941cf-6d8c-1f37-9587-93b04ef4e5bb,1,1,0.9998025298118591
b654f4f9-d2d2-7d29-e1e4-06b2241996e5,1,1,0.974299967288971
32cb7df0-114d-2923-f28b-0e126bd6295a,0,0,0.00018521479796618223
9e5cf208-cb3a-2442-0c05-ea397827f80c,1,1,0.9996877908706665
608dc534-a732-fb4d-c0cd-a537e4c1b410,0,0,0.0004989689332433045
cab36ea3-54f1-8d23-b010-b3c4fa5869c3,0,0,0.0004324579203967005
c9c6fcbf-dbe5-9f83-e5f7-fa751048efd4,0,0,0.0005773271550424397
5a1e7645-efad-bedd-b459-08bbec0ff5f3,0,0,0.00022002196055836976
552e69ce-af5c-1c72-dad6-f571687196c3,0,0,0.0005863947444595397
8bfb5154-baa5-05d9-850c-1cf7f688f469,0,0,0.0006263621617108583
b91cbb16-0b0f-c2de-5e89-2d67132f3756,0,0,0.00027599339955486357
2aea0c91-1702-772f-f84a-1af1738a3d02,1,0,0.5170305967330933
c57217ca-f827-084b-77da-a628a0d810ba,0,0,0.4753892123699188
2b7df6f4-f2b2-63e8-1d2d-6630c8f4218e,1,1,0.9996234178543091
35fce2ba-ebaa-0da4-04ba-f7541145e801,0,0,0.014048730954527855
5a14bfc4-1e04-4c61-1fb5-a257d90a5335,0,0,0.0004063702654093504
ee033302-edbd-8219-741b-720a0559d775,0,0,0.0001896233734441921
1a1a3332-d809-70e6-8b3c-128462cdbc8d,0,0,0.0013214205391705036
3e0898b1-5ec8-cacb-e4ed-fccd144f8966,1,1,0.9998257756233215
13c8c37f-e2f2-3217-4d42-3134d99f431c,1,1,0.9997327923774719
1b0eb4d2-5399-12d9-2b73-15bf06065ba8,0,0,0.00022308641928248107
2b5f1abf-229b-41e3-3f85-84543f16cbfd,0,1,0.09934977442026138
192a927a-4bd8-79cf-084a-bd51c79c3618,1,1,0.9998026490211487
51247b3f-99ae-f38e-be1b-eaf9516f50f9,0,0,0.14459069073200226
6a694175-ac08-05c6-af6b-b2f05bc2b615,1,1,0.9998189806938171
f0315cf7-7146-686d-3cdb-e267125ccce7,0,0,0.00037907890509814024
db024472-0aa7-00f0-fb9f-325b33f5a221,0,0,0.0003236015036236495
b41fe733-d6f8-6b38-7e9b-712baced4b3e,1,1,0.9998030066490173
00bb7512-4b9d-18f8-e52f-cccab82c0c25,0,0,0.00024298785137943923
4b78eb3a-2247-477b-bd3b-da54f98a666e,1,1,0.8764264583587646
f5801e93-4186-66d2-0afd-c52a580487a8,0,0,0.00019349378999322653
8b78c8f7-0dee-e983-2628-720325b32649,0,0,0.001309085637331009
a6ddb10d-97dc-1964-7302-34ef77db1d72,1,1,0.9998296499252319
4cc84c71-948b-50bd-511b-9645a0f389c5,0,0,0.00021601120533887297
f3d38dd4-04dc-b590-c472-10caab5f48b8,1,1,0.9998279809951782
2a74841c-6d36-a5f8-219d-22c6d22fae2a,0,0,0.01199053879827261
0683ad7f-5d3b-50d6-d29a-464e387eeb8c,0,0,0.010960476472973824
50eb547b-0b5b-612e-a845-2aa7ec4bce92,1,1,0.9222904443740845
c4fb118e-7cd9-5441-3531-bc33bdddd08d,0,1,0.012660853564739227
84114933-6cd4-bf0e-878e-eaf1bc4aa4f4,1,1,0.5955149531364441
1e8b2ae1-39c7-ba7f-3ef4-4a7cf10b17ee,0,0,0.0007072971784509718
f72bdef8-8dd8-597c-6df6-ac742b98d5f1,1,1,0.7581321597099304
fff08adc-1b52-ee90-006f-f8d65bde19e8,1,1,0.9998096823692322
598f58ee-263b-8031-7c40-63c27dbbb268,0,0,0.000304684741422534
66c4a794-5dfa-12df-c26a-5ac35330bf08,1,1,0.9995224475860596
155bad68-feee-2661-a1c4-33057ea18913,1,1,0.9701359272003174
c4caf5df-ad50-6f07-6a17-3f03078e1fcf,0,1,0.1647612452507019
bd399543-f4e7-6518-2553-8188a8f94a7e,1,1,0.9993470311164856
5931f961-152a-f914-946d-480a5fa0ded9,1,0,0.9045305252075195
3e6e5e73-5b7e-89f6-9f24-454a9bec6780,0,0,0.000194934822502546
07fc447c-13b9-b8d4-55a3-cd85481664a8,0,0,0.004866558592766523
6a5d3e87-17ce-eff4-132a-a5a34b0b42aa,0,0,0.0007138766231946647
278e6f17-8ff1-e515-369e-ba82e573a581,1,1,0.9626712203025818
ebfb4883-abd5-dd85-6b92-2c0848ca5543,1,1,0.9998317956924438
c49acea2-a9b2-a6b8-e349-e97a7d72be32,1,1,0.9846131801605225
806d8560-f056-afb4-0d52-10e1bd487703,1,1,0.9995661377906799
04b0c7a7-6ca6-ddcd-2544-6cb56e98058a,0,0,0.000664026360027492
06710399-3090-c14f-02c4-98de860e0ee1,1,1,0.8776684999465942
4977d1f5-fb49-a094-b93d-9baf16c706a7,1,1,0.9992541670799255
c3396f6d-46bb-186d-8cb0-c89d7e6bc11a,0,0,0.008717868477106094
57a22f6f-42a8-9191-597f-0d9b69f8739a,0,0,0.0002518056717235595
deed3920-936d-686c-4703-7c8300efeb47,1,1,0.9997661709785461
52da9b69-b86e-06ab-b845-1090044dfae0,1,1,0.9998267292976379
8e97457a-3773-a4cb-a15f-05aed4af8bd5,0,0,0.38884222507476807
966ab653-a5ad-8041-9040-3a4ed2fa3e0b,1,1,0.9998313188552856
a0377c02-ec48-f86b-76b5-52f847757501,1,1,0.9997275471687317
a2ffff21-1731-f09e-a11b-5ec1cb53fd01,0,0,0.0002099495177390054
3b3af5ce-c16c-2871-41a0-1240509c6f21,0,0,0.0012113861739635468
da57d0b6-7e98-4a7d-9c4e-3442c2792f84,1,1,0.9998261332511902
9d965a07-807c-9ca5-4d21-71a0a06fa30c,1,1,0.9998334646224976
253dfb42-510f-6932-dc70-21abf8731db6,1,1,0.9997352957725525
eec9ac70-63e8-95e2-a877-e0953550e4e9,1,1,0.9998076558113098
5b115665-b115-44f5-ed15-dbd5bf0c9e06,1,1,0.9998346567153931
08db8f0b-1389-4118-728f-564ee0b1abfe,0,0,0.0006887386552989483
9d953a23-a8d3-09a0-8ace-a1fd369d6bce,0,0,0.0002774230088107288
269aa498-e34e-2203-9897-60f9a0979db3,1,1,0.9996047616004944
5371950b-6c5b-045d-2451-077124c9215c,0,0,0.0005064266733825207
4740b6b9-373b-93d1-ed71-21aab06a3ce9,0,0,0.0005114261293783784
a79d19df-90b3-e698-dadc-d852968f8871,1,1,0.9992437362670898
14dd456d-bace-e78c-012c-8268651bf723,0,0,0.0004203926073387265
1943dde5-066e-c0a7-d7b2-49592ecf6680,1,1,0.9142245054244995
dd2dbe56-e2ac-e247-8c8a-fd9bb6342eb5,1,1,0.9989787340164185
a399ab0c-8de3-bbfc-85fd-22a1da451b91,0,0,0.00031602868693880737
c35f3398-054c-4104-459d-d53d6d38b2a0,1,0,0.9069240689277649
48b22b42-6902-4553-971e-80005aace8c2,0,0,0.00020459992811083794
6bf5aecc-e1dd-0276-a0e8-77572cf0f9ad,1,1,0.8502114415168762
b705c9c8-c7f5-d525-a677-3bba6210c920,1,1,0.9918063879013062
394225ce-d3ce-025a-2eab-9691fd6b5b05,0,0,0.0005934009677730501
45532394-62e4-933d-a133-0ffd54be9052,1,1,0.9975717663764954
f9d4ab04-fe08-db1a-3268-96cbada3c18b,1,1,0.9688674211502075
3500c035-0389-4d7c-d913-053ae511a90e,0,0,0.0012105348287150264
4f2841c2-48e2-f35b-15f0-44d6b08f27a0,1,1,0.9998061060905457
4ac4d87c-de39-b6d8-bb95-2d4a484343e2,0,0,0.00031753783696331084
f699ee51-4bbb-7ce9-719d-176a0dbdfa12,1,1,0.9987840056419373
265ca73d-6e23-e1c6-9191-39863c7cad26,1,1,0.999594509601593
1bcf0922-c5b0-ee9c-ef0a-bda375793a7c,1,1,0.9996141195297241
9e2d66b7-b6d0-7df5-7923-0ea929920528,1,1,0.9994811415672302
0332f690-c3b8-fcb8-2bf8-dab7263ef361,1,1,0.9998314380645752
97d2e92e-e3dd-213a-97ec-2e2dd6515568,1,1,0.9996054768562317
5a744e52-53e8-27b4-5287-386c2ad344c4,1,1,0.9638434648513794
75fa3d44-695a-ff54-c31a-fbe1e8bda4b3,0,0,0.022595971822738647
40b55d13-9b47-c2be-5329-f1e877c023b8,1,0,0.6215156316757202
04292f35-a0ba-e151-9aee-683afcb4535a,1,1,0.9998408555984497
1c1e90c9-38bf-fd75-00ac-76be71e6530e,1,1,0.9887658953666687
0b426f47-f04f-dc03-be90-916527e3eeaa,0,0,0.00037844700273126364
5fed989d-dfc2-e57e-3fdf-ea41982dfa58,1,1,0.9998286962509155
1c676a71-be2d-dd0e-3458-2d310e49b4c7,0,0,0.0011501488042995334
21826cd6-e330-ca12-bc57-fdbe81cac8f6,0,0,0.0004055884783156216
cf68096a-dd6a-9745-2464-28d9e075f34e,0,0,0.00031258841045200825
60f30048-1e74-358c-59bd-0c47b6112482,1,1,0.9994148015975952
cae87d46-9f7a-5399-b572-e017796eb8f1,1,1,0.9865586757659912
8b64ee20-6669-1470-2cf9-a28618e3fe95,0,0,0.0003415095270611346
c181429c-81c0-a157-70ea-f56bc41affeb,1,1,0.9957756400108337
15833571-663b-2f55-c134-02789fae82ed,1,1,0.9998420476913452
298d367a-13ed-a4c5-141d-20ab3f122209,1,1,0.9998071789741516
566b038f-280e-36de-4d94-8153b259e406,0,0,0.00028987936093471944
d270a96f-741c-8e38-f4ad-f78dc9530143,1,1,0.9976208806037903
f99342c3-446d-42f0-d627-2326c766ccca,1,1,0.9998335838317871
47e7ae86-1a82-e8e0-fc26-9d15f9cf959e,0,0,0.0004155646893195808
6cf61c4a-d304-e2c0-a7ba-1df1057094f0,1,1,0.9998342990875244
78043fa5-6be6-2ea5-cde0-d0916dd29fd5,1,1,0.9995656609535217
065899a0-ef77-eee9-9cf6-30e24df2bc5a,0,0,0.0005258885212242603
3e0f6b2a-b8bf-8028-c278-d4538baf5a09,0,0,0.0003608799306675792
1fa5ad6f-3c50-98b4-0bd9-a29c30b54e7f,0,0,0.0002934872463811189
44a24994-c24d-27b6-cd09-24fefb17c242,1,1,0.9990249872207642
5384327a-ed93-366c-ce0c-f0faec11f692,0,0,0.01087059173732996
277d95b6-1083-d6c9-9b4e-115bb6dae890,1,1,0.9993522763252258
f44eb97e-14e2-6f0f-9275-167694a083ba,1,1,0.9997759461402893
ab181789-d528-fab5-ffe6-ce9e4502b11b,1,1,0.9989637136459351
b8727f6c-7972-3e8b-ec36-87c21c9371d5,0,0,0.0007094614556990564
19f735b7-00f0-7b31-41fe-94472941d957,1,1,0.9998317956924438
a9c32941-f028-ebd6-e722-5a10dfb3b179,1,1,0.8331800103187561
72844d5f-9b3e-8caa-b965-d26cc978c172,1,1,0.9997168183326721
8310b0e2-0c5e-ca6f-72dd-c7942031b22e,0,0,0.0034112923312932253
09721a7d-c9f8-cbc2-fca8-98c1dc98a025,0,0,0.0002505999873392284
e509dd54-76d4-7f46-4762-1a1c4135a293,1,1,0.99982750415802
b95aaa61-3a48-eaa0-130a-8fa924803c87,0,0,0.000716625654604286
e69cc97e-30e0-3d47-3fcd-fce8a14bad9a,1,1,0.9995754361152649
6b950563-3c8f-d947-e01f-cef048908364,0,0,0.0005146553739905357
3ff9e8a8-d4f3-1ba8-b3a1-d86f0db7134a,1,1,0.8502935171127319
45663e45-7b73-47ea-60e2-f3e90945ce36,1,0,0.7449739575386047
391236c3-0105-096d-c7b5-a477b242bfd9,0,0,0.00019175445777364075
36ae39e2-7dad-fb34-1e83-8d3aa6b094a9,1,1,0.9998070597648621
79f1c2dd-e43b-b237-e2f9-805dfa67e553,0,0,0.08267289400100708
d48993b6-ef8d-9e83-4958-0ae6c109b3dc,1,1,0.9962248802185059
cce68229-3d08-254f-b854-1d43580326a7,1,1,0.9997542500495911
6c1953d0-d255-7999-1136-83aaab3628c0,1,0,0.5776206254959106
ab5c9b4b-b59a-3a7b-b407-3b720bafa344,0,0,0.00019291641365271062
1af20101-9f6c-f1aa-816e-0ee5c154e241,0,0,0.0006081807659938931
6d48db2e-15d9-4298-e9bb-2e6eff6ab2c6,1,1,0.9996598958969116
f74dcb3a-9beb-3abd-f5bd-fad6d4c7f14d,1,1,0.9997572302818298
79bf4b49-d3bd-c906-65f6-6d7b0d85d45b,0,0,0.0045872703194618225
02b0a9b3-a453-0db5-5a9a-325439abcf7e,1,1,0.9997803568840027
eb4bd06f-9c77-4da0-97f3-8fda64d3321d,0,0,0.00023808861442375928
d66a45f5-dbb0-378b-6b8e-8e6b147c3581,1,1,0.9998371601104736
8a14557a-5886-95a9-7be8-9cb42f7af532,1,1,0.9988768696784973
d3048754-6009-2dbe-0b85-978bfcfe87a2,0,0,0.0041809952817857265
a30a0094-fe0a-77d7-b123-69e674fabd1b,1,1,0.8935500979423523
1682ad8e-dfd7-aed4-21e4-0bd79c0751ca,1,1,0.9998431205749512
f05ba624-6f32-1c54-bd5d-617abd06f557,0,0,0.0006053370889276266
8e0082e5-1007-5412-3a1d-798988f579cf,1,1,0.9997336268424988
0da716f0-b129-203b-04e8-d0d29da8d2b3,1,1,0.9997321963310242
f16ecf67-4045-0935-0be4-21bbfac19621,0,0,0.0004832339473068714
d8d6c4d0-789b-caba-a764-42b9e6da1229,1,1,0.9998248219490051
22b9648f-1d0c-9239-ed3f-a0d0dc4138bd,0,0,0.00029633656959049404
de9343e0-6b2b-76ff-adaa-f0f63db90a7c,1,1,0.9998424053192139
8f8cd192-9867-74a6-1756-a3bb196df646,0,0,0.048187848180532455
2591aec9-f4cb-cfae-b51e-d76773ab37f8,1,1,0.9998008608818054
5a7fbdff-1354-e6eb-0435-7dc1a0fbd7d7,1,1,0.9995641112327576
129aebf5-fbd4-1999-9255-2a34852a5722,0,0,0.0014636667910963297
8b0f14c5-7eb6-ad50-de42-c7f5f25965a4,0,0,0.00027646374655887485
6533df52-3d79-630f-96b1-173155263350,0,0,0.000255068443948403
202188ea-c29c-0851-6348-bdd34710fa31,1,1,0.9997945427894592
e726454e-e375-b95a-dbdc-b90aa527cda2,1,1,0.9997715353965759
423f0ba5-1ba4-bcd1-1c99-e745511d0f94,0,0,0.014843715354800224
fe31fc09-14fe-66bf-6ffd-11a8b9a35e08,0,0,0.0029061255045235157
b3c1ada0-b395-ec99-e55c-97fb67fb9c54,0,0,0.0006363058346323669
914161bc-6314-bebc-f66c-2a50ddd3d44d,0,0,0.00040175800677388906
669734a4-5c0c-3596-9ebf-c6f3a1918a0f,1,1,0.8114531636238098
37887dd8-c78d-2e9a-2cbf-f661179ed6ea,0,0,0.0002442235127091408
c43b5b68-a8b6-de2d-c92d-d6686bf6ccdb,1,0,0.8266506791114807
868b85ce-3985-8ee6-a58d-82b5127dc068,1,1,0.999586284160614
65dc8822-4fc1-6e07-05c7-b2c23cbc59a0,0,0,0.0005705097573809326
0f592c77-2e38-6038-f783-2b800f284a4d,1,1,0.9917299151420593
24fcc294-91a4-501b-12d2-c40618c484dd,0,0,0.00023918392253108323
a736661c-9c3e-f673-cf51-e4b837b217c0,0,0,0.00040528085082769394
264d87ab-54fe-92d3-8193-0ded8cc20fd5,1,1,0.9998149275779724
c7c48b11-55b9-eb79-47e6-12ad269a8c2a,1,1,0.9987882971763611
195c0ace-70c7-38ed-0555-c39a2b943110,1,1,0.9996535778045654
251ac332-19c0-03d2-821b-ead38fc92ded,1,1,0.9998316764831543
efd74021-44d4-a079-697e-ba348cf27bf8,1,1,0.9998229146003723
f0f009cd-a443-61c5-3318-2ce5e6501074,0,0,0.0023956727236509323
23be40cc-1fd8-5dc5-84b8-fd57b75e2a33,1,1,0.9980239868164062
ffd98546-66e6-645f-7146-8312238db89e,0,0,0.0005403980030678213
ac69cd0d-611b-060d-a032-eec98143c3a2,1,1,0.5191195011138916
bd4a9395-c583-ebb5-cfb2-70c5fca14ca3,0,0,0.001124811009503901
b906422c-e8e7-208c-8c55-9b648acd2cf2,0,0,0.0003650014696177095
58cd6305-c71a-33c1-4156-e4c98a796d5d,0,0,0.00020461788517422974
acb5bd8a-c102-6e47-ac11-70a4a4b56e5c,0,0,0.0004903041990473866
91bd2299-a7ae-36dc-d6c1-3bc2306967f4,1,0,0.6159398555755615
0a1bca29-ff99-853e-512c-c466036d3436,1,1,0.9997482895851135
102ecac1-3278-745d-e401-6dd6aa740399,0,1,0.06330522149801254
3b2947c2-9dd2-2bd3-e12f-ce7cd91d01a2,1,1,0.9991102814674377
cc030c8c-d793-34cd-1af8-5c49964b497c,1,1,0.9992989301681519
9f8b1feb-e741-8353-74ea-8e61cc212be5,1,1,0.9892897009849548
bfe2ea80-d5eb-601f-69d7-905defc31c80,1,1,0.5534618496894836
efb619b2-7239-a146-b671-e0b604d1e1f0,1,1,0.8217781782150269
6ec834d1-6470-1a32-39fc-138b0396cbc4,1,1,0.9996911287307739
a8f5a7c5-8339-97a0-cbc9-992cd260a90c,0,0,0.01110713928937912
bcad45fa-e382-8066-2975-a26e74c0b955,1,1,0.9987547397613525
0eb0a7e4-8121-16c2-7756-9341d8212224,1,1,0.9998264908790588
35896516-3679-f857-eb3d-3385ef2b83ac,1,1,0.9998284578323364
f389a1e9-a51b-ae0c-bd5f-8cbfc1d53c3e,1,1,0.9997254014015198
90f299fa-41b7-c205-4e8d-ff1d237dcea9,1,1,0.9997565150260925
151c0736-582e-baf2-4911-b26609d54b1f,0,0,0.0012458752607926726
ec3c51fd-eecf-1eeb-6bd8-ed6b1a51a802,0,1,0.48216602206230164
74b1cb6c-5382-ef09-ac20-a19e05fcf173,1,1,0.9960554838180542
c2b019a3-fb4f-2279-8f4b-b8593b1911eb,1,1,0.9996346235275269
440ecf52-9470-1c33-3529-8a45d987b1eb,0,0,0.000260187458479777
e7447154-fe9f-cb9e-636d-bc6276078a6c,0,0,0.00035902895615436137
5aa26e13-8bf4-af3b-dfb5-ee8b0ffc69ee,1,1,0.8719647526741028
785f6c5b-e0e9-2de2-c3d1-0016fd2dedaa,1,1,0.9998160004615784
f6e8aec1-47a6-27d1-2e24-2fbc52491fba,0,0,0.007584244478493929
f2cc5750-98bd-fab6-1c8f-0499edc61ec3,1,1,0.9872931241989136
aef9bb88-2a4e-d2c0-4533-3ae30f2c8593,1,1,0.9998470544815063
b6d73916-151a-8f56-d968-c28e3f31b674,1,1,0.9992951154708862
cc8c71a7-efdb-9b60-e6e1-736dbd423df4,0,0,0.058467596769332886
1323d4fe-8e0f-8d11-d035-7ab5d7756fdf,0,0,0.0005433885380625725
812fc140-6689-e122-01af-7bec13d0cc71,1,1,0.8314937949180603
a7795938-752b-5aeb-271c-846341c6419a,1,1,0.9998311996459961
0a23742c-0d85-0409-53eb-a0132e366ef8,1,1,0.9430614709854126
5c465fee-a6c7-b919-6b50-4e8bc793091e,1,1,0.9996880292892456
0dc11f72-2a1d-cbc0-c594-61b262f53701,1,1,0.9997978806495667
cdedace0-c090-5188-9818-fa2e757e0744,1,1,0.999819815158844
dac1eb0c-f783-cbd1-0005-d75ae01dee73,1,1,0.9997482895851135
7c31cbc3-3514-a658-b189-e91faf420c2a,1,1,0.9978758096694946
4bda5241-d4fc-868b-ea2e-c6a426f24810,1,1,0.9966515898704529
a13eb392-c852-184d-6889-61e8b414a9eb,1,1,0.999704897403717
0b6f1d1b-d5b0-0f50-347e-e607b64f9185,1,1,0.9998260140419006
22b28f0d-d740-11c9-010f-8cc89d27f913,1,1,0.9998469352722168
51219e4d-de30-223f-104f-b705c07ff597,1,1,0.9998331069946289
efb9d324-2059-67e3-a99f-c97a19d82af3,1,1,0.999834418296814
0517293a-af56-4ef5-43a3-0b9090b218d8,0,0,0.00021676611504517496
829cf23b-5663-aba8-79ec-6b44db243798,0,0,0.0002845561830326915
170f9bab-1307-9f59-79cd-1d3f264a29cf,1,1,0.9989470839500427
7c1f23a9-fec3-8dfc-225e-191aa22b7a14,1,1,0.9998290538787842
2f427b36-1e73-1398-03b1-1d626550c5ef,0,0,0.0006110076792538166
2fea7bc1-9d8f-614e-f528-a5ab43ca8564,0,0,0.0005450015305541456
d75d24e0-c69a-a88b-85d0-748fcdd4eaf2,0,0,0.00032643703161738813
0af8eb13-57b0-7547-ac97-76b137c46d5d,1,1,0.9995768666267395
8d6317e3-9941-cf77-a83b-4feaa6d6a11c,1,1,0.9996802806854248
7c636071-0c56-1477-fd63-9cf446166a10,1,1,0.9998176693916321
a13ac64f-8b98-4b11-dfef-c7fd3981c54c,0,0,0.0003366065211594105
7b06843d-8c26-1893-fcf4-8c209bd3a97b,1,1,0.9997519850730896
5684a5ed-d19f-c9b5-0348-1871f611cd0e,0,0,0.001023214659653604
ca846967-7429-faee-8d23-6f99cfa1456f,1,1,0.9998059868812561
7ce1d549-9240-1a80-daf0-7b58894df057,0,0,0.000870406802278012
fd8baf9a-48f2-2705-60ca-117db0bd51aa,1,1,0.9983640313148499
2f6a3c8c-87cb-9811-5ed5-880357687c56,1,1,0.9920917749404907
ef34474d-b671-7616-4199-0469b6b21857,0,0,0.0006338749662972987
f591df38-6b85-0adc-4330-946612d3d230,0,0,0.00018092265236191452
5f9f6d2e-c7c4-0f88-d418-54071729dad9,1,1,0.9998254179954529
15601c87-1096-dadf-dc2a-ec69d8189789,0,0,0.3283332288265228
ba3faa1c-2deb-5f27-7e5e-3302768e0d19,1,1,0.9997351765632629
5e37f4b9-9bcb-d102-e569-e09ef8610bb6,0,0,0.06406577676534653
24702010-613a-a57b-53fb-10c881cad537,0,0,0.024269651621580124
e652dd4a-1815-9e2e-941a-7df2ef744801,1,1,0.9997772574424744
4a4ce3ef-cd8a-cfaa-47af-a2362020edea,1,1,0.9998403787612915
7e8859c0-c81b-2043-0397-cb8da1c7aa65,0,0,0.00024659489281475544
f8e51c49-b45a-49aa-e2a9-379630d26134,1,1,0.9991564750671387
7ba26e17-cd9c-8a13-b3f6-a9bed92be61d,1,1,0.9978000521659851
826cae8c-d097-c382-10a8-8ff428aff28f,0,0,0.00028293117065913975
c3f5b211-3f86-09a9-a61f-53c4d53ce509,0,0,0.0007252534851431847
8bcaea9c-01a7-58c3-6cc5-5da35c00985f,0,0,0.0003821587306447327
f137270f-0053-8c87-cf7b-9560bcba4694,0,0,0.00018800758698489517
cfb40c52-9edf-0c8b-e180-6d2d1692b4fd,0,0,0.0001830224646255374
99a4f732-7634-3b03-b039-c9466c8f8f5e,0,0,0.0004073895688634366
52cd6f2b-75d3-9f86-54da-37389ea3f780,1,1,0.9978110194206238
99d65b1e-3049-0194-67f8-8d6a22d43a96,1,1,0.9997983574867249
de9433e9-b6c3-084f-5b11-15798f01f3fb,1,1,0.995690643787384
a9a43292-67ea-85c3-bf7e-9c39656b0329,0,0,0.0009068378712981939
62985775-a219-2135-c8d8-d9fb21de0225,1,1,0.9998304843902588
69eee350-c093-ee94-6ace-1807bf5e05f5,0,0,0.0001674241357250139
73c648e3-5620-61fd-dd1f-91346e3b0ead,1,1,0.9997169375419617
378e35df-f48d-4429-9f71-27bc8c4b594a,1,1,0.9998292922973633
577bbf46-3a01-3b7c-4939-cc1f168fb2bf,0,0,0.0004081956285517663
98db63fd-7c94-8276-6898-f4c07f18422b,0,0,0.0005433634505607188
7a2f56b1-c9de-7cfc-2ac2-5b833e5e9fe0,0,0,0.0007160139502957463
7ea4b43b-e85e-f6a1-a99b-9daef418fc3d,0,0,0.00232482748106122
b553dee1-3b2a-ec0f-8716-f02af4a022aa,1,1,0.9988608360290527
fbf716c8-ef50-c39a-fe2b-c84f357943c6,0,0,0.000295937352348119
1232a319-19e9-bf55-32a7-74f9f9d5bea6,0,0,0.016395848244428635
f9401adc-5cd4-ac8c-b4e4-3445190cccb7,1,1,0.9994251728057861
c59551e0-1e96-aefc-1cb4-10e46a2853f8,1,1,0.9998329877853394
c62f9a42-8ded-2501-677e-6b4d7cda3ba0,1,1,0.9936240911483765
acf4de1b-679d-1a24-d482-8462acf8cda7,0,0,0.0004309048817958683
a30a2cc2-b054-daf8-f90d-d5116e4b44f7,0,0,0.0004186553996987641
9f70a468-f96b-86a3-b371-dfd45c245683,0,0,0.0009086563950404525
b890ceb4-b4c4-3e05-e1b6-cea1baac2248,1,1,0.9998020529747009
be169f57-dc09-a96c-e700-95e7fee9e82f,0,0,0.000299116043606773
fecefd7a-0669-68e2-7a41-4554a4bef68f,1,1,0.9998335838317871
371531d0-929b-f6b7-3488-e23301574a0e,0,0,0.3752298653125763
9670d8cb-4606-0391-79fb-b9f0c7db18d5,1,1,0.9996343851089478
5dcbd7fe-6201-20a0-753d-15ff36ec39c4,0,0,0.0003352750209160149
5783e078-b624-e65b-35f8-f053c4a6f426,0,0,0.039292555302381516
24f6e7da-86a1-7c04-e55d-a69b520b3d2a,0,0,0.002740951022133231
b583d3f9-e584-eed4-a9e4-f9347ac1d05a,1,1,0.9998248219490051
fbbc08a2-6cba-5d86-72ca-fefe3017a893,0,0,0.00034359682467766106
cdde5e44-1bd2-b054-378d-b14d33e44557,0,0,0.00022313621593639255
e6c3067b-a713-883a-9f17-75a1222b9875,1,1,0.999147891998291
181e8948-450b-8f46-e3d8-b8072e2ad008,1,1,0.9997772574424744
0285a432-fe68-b758-fb72-e8c7c5c9a0c9,1,1,0.9997698664665222
9804e6d9-6346-6eb3-4ec9-25fd3fb0e74b,1,1,0.9828615188598633
4299d7f8-a24f-f884-0580-977aab06a931,0,0,0.08107051253318787
455f1b16-d764-603c-e432-f86130ce63de,1,1,0.9998304843902588
9a819f23-57e4-6f4c-7a95-058f3b7feb27,1,1,0.9995038509368896
0dd48aac-4d81-0218-4314-4e39155d9d22,0,0,0.0007045490201562643
2d45e2ac-5ee5-51b8-7249-f072e46bbfb4,0,0,0.0012469841167330742
0b35753d-2501-3f9d-c953-65faf35d2ffc,0,0,0.40044713020324707
5f99f91b-9ca1-472e-3489-009a658f3c6d,1,1,0.9998313188552856
5af336e2-4510-7971-96f2-6301990294a4,1,1,0.9998291730880737
ae2ac685-da9f-acbc-1780-984f08e02675,0,0,0.0011405107798054814
e0082a90-513f-1246-eed6-91135147193f,0,0,0.00020376047177705914
c9252d35-c9e8-acb7-7f2f-0df36ddf7e36,0,0,0.00018388728494755924
6953feca-5828-195c-43ae-53f215ceefa7,0,0,0.0016879347385838628
11518545-f265-d2eb-f1dd-277053705822,0,0,0.00032977460068650544
5af34523-0b03-baac-ac86-90e126537a48,1,0,0.9856315851211548
8ae3727d-f096-b0df-5e6c-908d87c5bcae,0,1,0.016469882801175117
9ffc5e2e-7ed9-a296-7ef3-0b638c067b08,0,0,0.0003134030557703227
1d6c6cce-095a-1e81-7ba7-96d9396291c8,0,0,0.0009292693575844169
7adc4f8e-27d8-ed19-00d7-7b74fda86787,0,0,0.0025453604757785797
2ea841a9-5d25-f82e-9cf7-1949605972a0,0,0,0.0018489821814000607
ada71bff-1145-69a4-87cf-64ebbc927a22,1,1,0.9998279809951782
b2268b99-88f9-b11c-7c68-7be1655533bc,1,1,0.9998311996459961
d45eb1c5-d3e6-39c0-543e-31e652e5a48c,1,1,0.9790652990341187
4355ec03-01ac-1c54-3fff-3f04b0344519,1,1,0.9997479319572449
7a944a9f-6549-41de-380b-104ec9e3e401,1,1,0.9994193315505981
edc55b8f-2808-a5e2-82d4-b2c555dc51bf,0,0,0.0002481345145497471
89176c76-5939-b9cf-84bc-a131f19a42dd,1,1,0.9978076815605164
a1d5f137-d1a9-b0fa-1ffc-c577b0ecc58b,0,0,0.00039659469621255994
c693b66a-e2de-afeb-ec14-38d22fc0508f,0,0,0.0006691648159176111
8c7b0e56-33b4-5a20-d05e-d7645c3e19b5,1,1,0.9995633959770203
c14073d4-8e70-33e3-e83f-464102ed2c7b,0,0,0.00023808520927559584
702c582e-21b7-d3a3-ae31-77e82bf65b1f,0,0,0.001185364555567503
2f4dca3a-cc53-11da-1d07-74ceb4d051ed,1,1,0.9454585313796997
474eb2cf-99b8-8c57-4d25-3dd1de87b40a,0,0,0.05194991081953049
b7264dc7-07ff-018e-a189-8e0f57e3a4c2,0,0,0.03142273426055908
9d588497-5de2-87f0-546b-0c0fe082014b,0,0,0.00025255559012293816
a7782e9a-d1e3-e306-c86a-a507522a3791,1,1,0.9342600703239441
2a77e74c-9262-7204-6ebf-b18a48ae78ba,1,1,0.8014153838157654
e6ba4ef7-bc9b-4a78-db0b-77dd82d3db33,0,0,0.004962560720741749
529e5fbe-ef62-6ff3-53d5-c3458f78808b,1,1,0.9991324543952942
cb8d79e3-f2c4-4754-02cf-fb1889a2bd1f,1,1,0.9997416138648987
bb9e3737-ae3e-5582-6b05-feda2339f8b1,1,1,0.9970121383666992
3503dcc2-b816-d2ac-ddb8-5c8b5b874cdb,1,1,0.9998296499252319
a7ce78f7-a613-66df-ab46-7d41280b624b,1,1,0.9997270703315735
bfce6d4a-04b3-3ba0-19b2-a2aa8def974a,1,1,0.8482652902603149
59bd4fea-7c78-6148-3ce0-f660db5ffe36,0,0,0.000414658454246819
bb19eec2-994b-aca0-7f90-81b0520d6286,0,0,0.00033696580794639885
2de8a689-0353-7388-111a-c31649308770,0,0,0.0002688383683562279
e1af707d-6766-00cb-d926-2fc52eaaad2f,0,0,0.003762202337384224
20997653-36e0-ce72-02ba-d74afd4f6397,1,1,0.999825656414032
c067a988-db1d-6df3-96bd-4bb0834b091e,1,1,0.9997665286064148
ac7569ce-323f-affa-f4ba-c78c6298ab26,1,1,0.9998301267623901
59b199d0-e98c-e32d-4511-c1e314c44d87,1,1,0.9973753690719604
b2be6f77-af66-1d82-4640-83ba401f9677,0,0,0.0010292277438566089
a83aec15-4332-6363-f997-5ecd2c92b8a5,1,1,0.9700914621353149
4d4607a7-8af2-ea5e-62b5-8a02928be0b4,0,0,0.001342362374998629
ef040c93-d4b0-75db-ed02-04be736add6e,0,0,0.0003455032710917294
057719c7-db4c-b1a0-857c-8d6f3bb8f1c2,1,1,0.9992639422416687
b25f1ea6-f275-f418-46f6-9f23301913c6,0,0,0.00042554797255434096
e8b6e487-49c3-1af8-dfd0-e353b6314fe3,0,0,0.14277727901935577
93f0e5a7-7962-9137-187b-663f473328d0,0,0,0.4182530343532562
d9494780-62de-87c6-4f93-891d95e8444a,0,0,0.0004672532668337226
9caf41d3-bcb7-e14d-584d-a3ad83bae219,0,0,0.00027436285745352507
6b035605-300f-9c23-94e9-21223721e7dc,0,0,0.00042000284884124994
7f705401-bcc7-f526-6e86-091373c1f436,1,1,0.9997393488883972
8bb9873c-2a9a-7e98-7132-7db85b3abe75,0,0,0.0006140887853689492
fa8912be-03e5-4052-d83d-c602fa3ad596,0,0,0.0016229090979322791
c7353ad2-e119-6fff-2577-58cec6c04f98,0,0,0.00021358432422857732
0abfaa2f-2e65-572b-f553-8615e4058b96,0,0,0.0002797974448185414
b9920dee-49e1-d5e2-c6c6-09fd39f0bc95,1,1,0.9987295269966125
57e6a3a6-7f29-d625-2150-7a831424079b,1,1,0.9998314380645752
f56955a1-b7e8-e875-19c3-5f709933445d,1,1,0.999822199344635
c91c8a9a-b999-b179-393d-52a132491a78,0,0,0.00017682148609310389
84e9946e-3b5b-df8b-7f08-b8dffb025b4f,1,1,0.9996739625930786
583cdeb6-6218-3510-c31e-7aa777bb3bec,1,1,0.9997949004173279
0da909d4-adf6-372a-2085-06be6555ab96,0,0,0.0003442190936766565
586a3383-67d4-4078-8faf-374d529bf143,1,1,0.9998272061347961
a3c3abd0-5ed4-dfdc-1034-d273faa21a3d,0,0,0.0008121893624775112
42a6cc95-e1f4-7d32-2d09-f59153f2609d,1,1,0.9998019337654114
ff1aa760-50d8-b0ee-cd48-aa6473fddcd9,0,0,0.0002688037930056453
5bea6403-ade9-7a7f-9de0-877577d630b4,1,1,0.9998204112052917
7cea3da6-7c69-1633-edeb-b8e316579d62,1,1,0.9998347759246826
09da0f9a-af1f-a40c-57bd-ccc66ec1bc99,0,0,0.0053481850773096085
64a78d59-1218-cf48-c8d0-6f6e380e3e24,1,1,0.9998345375061035
c7a9d6e0-641f-b0cf-5b9b-4f2f5b946c4a,1,1,0.9996065497398376
a65e1787-2cc0-8a82-f438-4ebb23d4192d,0,0,0.0010886192321777344
ad83aad9-876b-aafb-b39c-59ea117c2bd2,1,1,0.9986642599105835
4ac985af-ab12-741e-cf20-af64e31c27c2,0,0,0.00020274306007195264
a637772d-0f3d-eebe-afaf-a8d56955a038,1,1,0.9998328685760498
ee796b98-dd3b-7e0f-633a-8fd36f333766,0,0,0.0007818081649020314
38164991-73db-8c7a-867a-f5ed9f59f4b8,0,0,0.00029024138348177075
ba3fc430-5be5-841e-7264-8adc3fd051d4,0,0,0.007113917730748653
b16a6116-500e-930c-489e-11a418f8c7d2,0,0,0.0006092992261983454
d7717888-d414-b29b-76d1-55ec0588ce42,1,1,0.998738706111908
dd79d7ff-bc52-5ff8-452a-b7e6921497c5,0,0,0.0001858934701886028
c9c88ae2-5080-e739-7b3f-283559f43803,1,1,0.9997240900993347
cf615e46-cea9-73df-875b-03c3bf4ddfc5,0,0,0.00578771298751235
f58df1c1-1160-9224-b50e-93fd21c2ca38,1,1,0.9996888637542725
365b74e4-ac18-8637-7c24-394b7cbddca2,1,1,0.9998094439506531
3b6e534d-39a1-1a69-4331-71a1a0532d73,0,0,0.034694232046604156
ce44606b-6644-9233-8c63-a470959fc53d,0,0,0.0003091888502240181
ff860629-0f2c-5849-ef59-72e0db81c224,1,1,0.9642715454101562
bdae5505-43d1-a035-6da7-25f1dc1a0f04,1,1,0.9998366832733154
ac24ec7f-6a05-a004-eeab-6d528eb412b6,0,0,0.005114083178341389
21b12ff7-4ff9-b126-b8a1-ad740496264d,0,0,0.0001687603653408587
b53c069a-9f6f-7e94-82b8-bfec2581eed5,1,1,0.9997132420539856
cf074a76-999d-2c73-4c6c-a79d5c4f7172,1,1,0.9998316764831543
f19393d8-5d50-c8ec-1f15-b21d08310ae8,0,0,0.00024618825409561396
e582ad21-c120-d7f6-73a2-96844f884a2e,1,1,0.9980820417404175
51744d96-733c-730d-2d5e-9bbbb81af52d,0,0,0.0015879900893196464
e39837c3-0c9e-ef9b-c315-cb531fe2779e,1,1,0.9998315572738647
bba7ca81-48fe-32c3-7b03-d8c0dccc265a,1,1,0.9996756315231323
6417831b-5899-e0c8-fe1a-6688e77fe7c7,0,0,0.0004305833135731518
71c069e6-1984-6835-4cc5-6000ff100bcd,0,1,0.43110018968582153
b471de42-b80d-de46-9f1c-1b1296d2ea09,0,0,0.00037187806447036564
0777d17e-44ad-3737-9259-6367dbd70645,1,1,0.9997385144233704
fc010bc5-94cf-5cf4-064c-0218ffb90bcd,0,0,0.0005193798569962382
26d47b27-005b-0b48-47e2-9f05cf1993dd,0,0,0.4581678509712219
865a724b-366a-dceb-e36d-9516cca93870,1,1,0.9994828701019287
a289c112-9219-2883-9d21-bdabaade5120,1,1,0.999826967716217
d788f82d-3e6d-9eb2-80cc-5cb368b2eda8,1,1,0.999785840511322
9f7a8bd7-078b-fdc0-72fa-82edc7d6d2f3,1,1,0.9904676079750061
3f2a5a32-e542-406f-f4fc-99c3979c9da2,1,1,0.9989996552467346
d44eebef-dd02-0070-5915-39174d1113ec,1,1,0.9997243285179138
92d24bff-7a60-c20a-2b65-b6a9e9dd64d1,0,0,0.0007257364341057837
19c68cb7-a10c-1b89-501d-46e3f6923c1c,1,1,0.7602182030677795
ac50635a-8359-dead-ca4b-e601cf4221ae,1,1,0.7987086772918701
