metrics,0,1,accuracy,macro avg,weighted avg
precision,0.997418,0.991166,0.995974,0.994292,0.995975
recall,0.997347,0.991402,0.995974,0.994374,0.995974
f1-score,0.997383,0.991284,0.995974,0.994333,0.995974
support,84057.0,25238.0,0.995974,109295.0,109295.0
